Order, Family, Genus, Species_Count
Geraniales,Vivianiaceae,,0
Geraniales,Vivianiaceae,Rhynchotheca,0
Geraniales,Melianthaceae,Dematophyllum,0
Geraniales,Francoaceae,Diplerisma,0
Geraniales,Geraniaceae,Natalia,0
Geraniales,Geraniaceae,Sarcocaulon,0
Geraniales,Geraniaceae,Grenvillea,0
Geraniales,Geraniaceae,Cynosbata,0
Geraniales,Geraniaceae,Polyschisma,0
Geraniales,Geraniaceae,Olopetalum,0
Geraniales,Geraniaceae,Myrrhina,0
Geraniales,Geraniaceae,Martiniera,0
Geraniales,Geraniaceae,Hyperum,0
Geraniales,Geraniaceae,Scolopacium,0
Geraniales,Geraniaceae,Corthumia,0
Geraniales,Geraniaceae,Robertium,0
Malvales,Cytinaceae,Bossea,0
Malvales,Diegodendraceae,Euryanthe,0
Malvales,Thymelaeaceae,Adenogyrus,0
Malvales,Thymelaeaceae,Cryptadenia,0
Malvales,Thymelaeaceae,Daphnimorpha,0
Malvales,Thymelaeaceae,Eudaphniphyllum,0
Malvales,Thymelaeaceae,Oreodendron,0
Malvales,Thymelaeaceae,Chamaejasme,0
Malvales,Thymelaeaceae,Octoplis,0
Malvales,Thymelaeaceae,Balendasia,0
Malvales,Thymelaeaceae,Agallochum,0
Malvales,Thymelaeaceae,Aquilariella,0
Malvales,Thymelaeaceae,Daphnites,0
Malvales,Thymelaeaceae,Hauera,0
Malvales,Thymelaeaceae,Amyxa,0
Malvales,Thymelaeaceae,Psilaea,0
Malvales,Thymelaeaceae,Steiroctis,0
Malvales,Thymelaeaceae,Gastrilia,0
Malvales,Thymelaeaceae,Rhytidosolen,0
Malvales,Thymelaeaceae,Dofia,0
Malvales,Thymelaeaceae,Canalia,0
Malvales,Thymelaeaceae,Nemoctis,0
Malvales,Thymelaeaceae,Heterolaena,0
Malvales,Thymelaeaceae,Tumelaia,0
Malvales,Thymelaeaceae,Gastrilla,0
Malvales,Thymelaeaceae,Struthia,0
Malvales,Thymelaeaceae,Cyathodiscus,0
Malvales,Thymelaeaceae,Mezereum,0
Malvales,Thymelaeaceae,Gymnococca,0
Malvales,Thymelaeaceae,Radojitskya,0
Malvales,Thymelaeaceae,Belvala,0
Malvales,Thymelaeaceae,Gnidiopsis,0
Malvales,Thymelaeaceae,Gonystyloxylon,0
Malvales,Thymelaeaceae,Aloexylum,0
Malvales,Thymelaeaceae,Ligia,0
Malvales,Thymelaeaceae,Ophispermum,0
Malvales,Thymelaeaceae,Nordmannia,0
Malvales,Thymelaeaceae,Makokoa,0
Malvales,Thymelaeaceae,Thymelaeaspermum,0
Malvales,Thymelaeaceae,Mistralia,0
Malvales,Thymelaeaceae,Calyptrostegia,0
Malvales,Thymelaeaceae,Dessenia,0
Malvales,Thymelaeaceae,Thymelina,0
Malvales,Muntingiaceae,Psilosolena,0
Malvales,Sarcolaenaceae,Neotessmannia,0
Malvales,Neuradaceae,Scleroolaena,0
Malvales,Cistaceae,Horanthes,0
Malvales,Cistaceae,Halimiocistus,0
Malvales,Cistaceae,Ledonia,0
Malvales,Cistaceae,Rhodax,0
Malvales,Cistaceae,Aphananthemum,0
Malvales,Cistaceae,Strobon,0
Malvales,Cistaceae,Ladanum,0
Malvales,Cistaceae,Ladanium,0
Malvales,Cistaceae,Cistocarpum,0
Malvales,Cistaceae,Psistina,0
Malvales,Cistaceae,Stephanocarpus,0
Malvales,Cistaceae,Cistinocarpum,0
Malvales,Cistaceae,Lechidium,0
Malvales,Cistaceae,Heteromeris,0
Malvales,Cistaceae,Taeniostema,0
Malvales,Cistaceae,Fumanopsis,0
Malvales,Malvaceae,Stegitris,0
Malvales,Malvaceae,Andringitra,0
Malvales,Malvaceae,Chorisia,0
Malvales,Malvaceae,Boschia,0
Malvales,Malvaceae,Androcalva,0
Malvales,Malvaceae,Redutea,0
Malvales,Malvaceae,Guenetia,0
Malvales,Malvaceae,Bubroma,0
Malvales,Malvaceae,Ingenhouzia_ex,0
Malvales,Malvaceae,Mortoniodendrum,0
Malvales,Malvaceae,Restiaria,0
Malvales,Malvaceae,Kellettia,0
Malvales,Malvaceae,Bordasia,0
Malvales,Malvaceae,Hexagonotheca,0
Malvales,Malvaceae,Balanopteris,0
Malvales,Malvaceae,Karaka,0
Malvales,Malvaceae,Corethrostylis,0
Malvales,Malvaceae,Fleischeria,0
Malvales,Malvaceae,Hesperalcea,0
Malvales,Malvaceae,Physocodon,0
Malvales,Malvaceae,Caricteria,0
Malvales,Malvaceae,Clompanus,0
Malvales,Malvaceae,Parabombacaceoxylon,0
Malvales,Malvaceae,Coreta,0
Malvales,Malvaceae,Chichaea,0
Malvales,Malvaceae,Blepharanthemum,0
Malvales,Malvaceae,Sphinxia,0
Malvales,Malvaceae,Trionum,0
Malvales,Malvaceae,Alicteres,0
Malvales,Malvaceae,Parita,0
Malvales,Malvaceae,Sterculiocarpus,0
Malvales,Malvaceae,Actinophoroxylon,0
Malvales,Malvaceae,Phoenicosperma,0
Malvales,Malvaceae,Daberocarpon,0
Malvales,Malvaceae,Cavallium,0
Malvales,Malvaceae,Altheria,0
Malvales,Malvaceae,Blattaria,0
Malvales,Malvaceae,Nisoralis,0
Malvales,Malvaceae,Maerlensia,0
Malvales,Malvaceae,Bixagrewia,0
Malvales,Malvaceae,Gourmannia,0
Malvales,Malvaceae,Diclidocarpus,0
Malvales,Malvaceae,Cattimarus,0
Malvales,Malvaceae,Triplobus,0
Malvales,Malvaceae,Paritium,0
Malvales,Malvaceae,Sicrea,0
Malvales,Malvaceae,Diuroglossum,0
Malvales,Malvaceae,Grewioxylon,0
Malvales,Malvaceae,Moranda,0
Malvales,Malvaceae,Sasali,0
Malvales,Malvaceae,Leucothamnus,0
Malvales,Malvaceae,Antichorus,0
Malvales,Malvaceae,Xylum,0
Malvales,Malvaceae,Diadesma,0
Malvales,Malvaceae,Symphyochlamys,0
Malvales,Malvaceae,Ketmia,0
Malvales,Malvaceae,Schweinfurthafra,0
Malvales,Malvaceae,Brachypodandra,0
Malvales,Malvaceae,Stegia,0
Malvales,Malvaceae,Greevesia,0
Malvales,Malvaceae,Ceratocoreta,0
Malvales,Malvaceae,Skidanthera,0
Malvales,Malvaceae,Glabraria,0
Malvales,Malvaceae,Grewiella,0
Malvales,Malvaceae,Adenodiscus,0
Malvales,Malvaceae,Gerberia,0
Malvales,Malvaceae,Halconiaephyllum,0
Malvales,Malvaceae,Aigosplen,0
Malvales,Malvaceae,Malvocarpon,0
Malvales,Malvaceae,Scorpia,0
Malvales,Malvaceae,Palaeogrewia,0
Malvales,Malvaceae,Brehmia,0
Malvales,Malvaceae,Actinovena,0
Malvales,Malvaceae,Covilhamia,0
Malvales,Malvaceae,Acrozus,0
Malvales,Malvaceae,Braunlowia,0
Malvales,Malvaceae,Florissantia,0
Malvales,Malvaceae,Sezannella,0
Malvales,Malvaceae,Cavalam,0
Malvales,Malvaceae,Sarotes,0
Malvales,Malvaceae,Sabdariffa,0
Malvales,Malvaceae,Chattawaya,0
Malvales,Malvaceae,Inodaphnis,0
Malvales,Malvaceae,Burretia,0
Malvales,Malvaceae,Xylon,0
Malvales,Malvaceae,Modanthos,0
Malvales,Malvaceae,Schillera,0
Malvales,Malvaceae,Polychlaena,0
Malvales,Malvaceae,Luederitzia,0
Malvales,Malvaceae,Hormopetalum,0
Malvales,Malvaceae,Pentagonocarpus,0
Malvales,Malvaceae,Actinostigma,0
Malvales,Malvaceae,Marconia,0
Malvales,Malvaceae,Perinka,0
Malvales,Malvaceae,Pterospermadendron,0
Malvales,Malvaceae,Mallococca,0
Malvales,Malvaceae,Acropetalum,0
Malvales,Malvaceae,Heritieroxylon,0
Malvales,Malvaceae,Edwardia,0
Malvales,Malvaceae,Binnendijkia,0
Malvales,Malvaceae,Chartacalyx,0
Malvales,Malvaceae,Camaion,0
Malvales,Malvaceae,Anthema,0
Malvales,Malvaceae,Culhamia,0
Malvales,Malvaceae,Nordenskioeldia,0
Malvales,Malvaceae,Ganja,0
Malvales,Malvaceae,Tropidococcus,0
Malvales,Malvaceae,Astropus,0
Malvales,Malvaceae,Millea,0
Malvales,Malvaceae,Fracastoria,0
Malvales,Malvaceae,Anamorpha,0
Malvales,Malvaceae,Muenchhusia,0
Malvales,Malvaceae,Ophelus,0
Malvales,Malvaceae,Braxipis,0
Malvales,Malvaceae,Sidanoda,0
Malvales,Malvaceae,Ditomostrophe,0
Malvales,Malvaceae,Icosinia,0
Malvales,Malvaceae,Byttneriophyllum,0
Malvales,Malvaceae,Tilioides,0
Malvales,Malvaceae,Apeibopsis,0
Malvales,Malvaceae,Anisora,0
Malvales,Malvaceae,Dictyocarpus,0
Malvales,Malvaceae,Abutilaea,0
Malvales,Malvaceae,Dialycarpa,0
Malvales,Malvaceae,Oxyandra,0
Malvales,Malvaceae,Pterospermoxylon,0
Malvales,Malvaceae,Schizoica,0
Malvales,Malvaceae,Perinkara,0
Malvales,Malvaceae,Hightea,0
Malvales,Malvaceae,Beythea,0
Malvales,Malvaceae,Meliphlea,0
Malvales,Malvaceae,Omphacarpus,0
Malvales,Malvaceae,Vialia,0
Malvales,Malvaceae,Cybiostigma,0
Malvales,Malvaceae,Elidurandia,0
Malvales,Malvaceae,Palladia,0
Malvales,Malvaceae,Etheridgea,0
Malvales,Malvaceae,Brotobroma,0
Malvales,Malvaceae,Hymenocapsa,0
Malvales,Malvaceae,Achilleopsis,0
Malvales,Malvaceae,Oudemansia,0
Malvales,Malvaceae,Balanghas,0
Malvales,Malvaceae,Eriorhaphe,0
Malvales,Malvaceae,Munchusia,0
Malvales,Malvaceae,Corchorites,0
Malvales,Malvaceae,Astrapaeites,0
Malvales,Malvaceae,Siphoniopsis,0
Malvales,Malvaceae,Speirostyla,0
Malvales,Malvaceae,Ozoxeta,0
Malvales,Malvaceae,Olbia,0
Malvales,Malvaceae,Sesquicella,0
Malvales,Malvaceae,Porpa,0
Malvales,Malvaceae,Courtenia,0
Malvales,Malvaceae,Eurynema,0
Malvales,Malvaceae,Dayena,0
Malvales,Malvaceae,Chirostemon,0
Malvales,Malvaceae,Hibiscoxylon,0
Malvales,Malvaceae,Lochemia,0
Malvales,Malvaceae,Moluchia,0
Malvales,Malvaceae,Velaga,0
Malvales,Malvaceae,Duria,0
Malvales,Malvaceae,Dipentaplandra,0
Malvales,Malvaceae,Cardiostegia,0
Malvales,Malvaceae,Diplopenta,0
Malvales,Malvaceae,Pyrsonota,0
Malvales,Malvaceae,Courimari,0
Malvales,Malvaceae,Chadara,0
Malvales,Malvaceae,Tarrietioxylon,0
Malvales,Malvaceae,Arsis,0
Malvales,Malvaceae,Southwellia,0
Malvales,Malvaceae,Forgetina,0
Malvales,Malvaceae,Bismalva,0
Malvales,Malvaceae,Ganitrum,0
Malvales,Malvaceae,Adenodus,0
Malvales,Malvaceae,Cotylephora,0
Malvales,Malvaceae,Bombacites,0
Malvales,Malvaceae,Cantitilia,0
Malvales,Malvaceae,Hymenocalyx,0
Malvales,Malvaceae,Samba,0
Malvales,Malvaceae,Humbertianthus,0
Malvales,Malvaceae,Abutilodes,0
Malvales,Malvaceae,Wrenciala,0
Malvales,Malvaceae,Rhynchostemon,0
Malvales,Malvaceae,Tiliaephyllum,0
Malvales,Malvaceae,Actinophora,0
Malvales,Malvaceae,Antiphyla,0
Malvales,Malvaceae,Opsopea,0
Malvales,Malvaceae,Sterculioxylon,0
Malvales,Malvaceae,Bombix,0
Malvales,Malvaceae,Ayparia,0
Malvales,Malvaceae,Methorium,0
Malvales,Malvaceae,Colaria,0
Malvales,Malvaceae,Pterospermophyllum,0
Malvales,Malvaceae,Sterculinium,0
Malvales,Malvaceae,Baobab,0
Malvales,Malvaceae,Bombaciphyllum,0
Malvales,Malvaceae,Allogyne,0
Malvales,Malvaceae,Malacoides,0
Malvales,Malvaceae,Valliera,0
Malvales,Malvaceae,Wataria,0
Malvales,Malvaceae,Misipus,0
Malvales,Malvaceae,Arcynospermum,0
Malvales,Malvaceae,Tartagalia,0
Malvales,Malvaceae,Aleurodendron,0
Malvales,Malvaceae,Fometica,0
Malvales,Malvaceae,Ferberia,0
Malvales,Malvaceae,Tridermia,0
Malvales,Dipterocarpaceae,Ingonia,0
Malvales,Dipterocarpaceae,Marquesia,0
Malvales,Dipterocarpaceae,Vesquella,0
Malvales,Dipterocarpaceae,Dyerella,0
Malvales,Dipterocarpaceae,Hopenium,0
Malvales,Dipterocarpaceae,Sunapteopsis,0
Malvales,Dipterocarpaceae,Woburnia,0
Malvales,Dipterocarpaceae,Neisandra,0
Malvales,Dipterocarpaceae,Pterigium,0
Malvales,Dipterocarpaceae,Pentacmeoxylon,0
Malvales,Dipterocarpaceae,Ridleyinda,0
Malvales,Dipterocarpaceae,Dipterocarpophyllum,0
Malvales,Dipterocarpaceae,Panoe,0
Malvales,Dipterocarpaceae,Anthoshorea,0
Malvales,Dipterocarpaceae,Vaterioxylon,0
Malvales,Dipterocarpaceae,Retinodendropsis,0
Malvales,Dipterocarpaceae,Trillesianthus,0
Malvales,Dipterocarpaceae,Parahopea,0
Malvales,Dipterocarpaceae,Hemiphractum,0
Malvales,Dipterocarpaceae,Pteranthera,0
Malvales,Dipterocarpaceae,Dryobalanoxylon,0
Malvales,Dipterocarpaceae,Baillonodendron,0
Malvales,Dipterocarpaceae,Dipterocarpaceophyllum,0
Malvales,Dipterocarpaceae,Richetia,0
Malvales,Dipterocarpaceae,Isauxis,0
Malvales,Dipterocarpaceae,Hopeoides,0
Malvales,Dipterocarpaceae,Dipterocarpoxylon,0
Malvales,Dipterocarpaceae,Scaphula,0
Malvales,Dipterocarpaceae,Anisopteroxylon,0
Malvales,Dipterocarpaceae,Antherotriche,0
Malvales,Dipterocarpaceae,Hopeoxylon,0
Malvales,Dipterocarpaceae,Vaticoxylon,0
Sapindales,Simaroubaceae,Marupa,0
Sapindales,Simaroubaceae,Simarubaceoxylon,0
Sapindales,Simaroubaceae,Brasiliastrum,0
Sapindales,Simaroubaceae,Picrita,0
Sapindales,Simaroubaceae,Biporeia,0
Sapindales,Simaroubaceae,Tetramyxis,0
Sapindales,Simaroubaceae,Homalolepis,0
Sapindales,Simaroubaceae,Nima,0
Sapindales,Simaroubaceae,Picroxylon,0
Sapindales,Simaroubaceae,Pseudobrasilium,0
Sapindales,Simaroubaceae,Niota,0
Sapindales,Simaroubaceae,Simarubaceophyllum,0
Sapindales,Simaroubaceae,Lussa,0
Sapindales,Simaroubaceae,Pteronema,0
Sapindales,Simaroubaceae,Vitmannia,0
Sapindales,Simaroubaceae,Ebelingia,0
Sapindales,Simaroubaceae,Castelaria,0
Sapindales,Simaroubaceae,Ailanthoxylon,0
Sapindales,Simaroubaceae,Simarubopsis,0
Sapindales,Simaroubaceae,Tariri,0
Sapindales,Simaroubaceae,Simarubites,0
Sapindales,Simaroubaceae,Simaruboxylon,0
Sapindales,Simaroubaceae,Locandi,0
Sapindales,Simaroubaceae,Simarubinium,0
Sapindales,Simaroubaceae,Cardiophora,0
Sapindales,Simaroubaceae,Raxamaris,0
Sapindales,Biebersteiniaceae,Triscaphis,0
Sapindales,Meliaceae,Guareoxylon,0
Sapindales,Meliaceae,Entandrophragminium,0
Sapindales,Meliaceae,Cedrelophyllum,0
Sapindales,Meliaceae,Nyalelia,0
Sapindales,Meliaceae,Carapoxylon,0
Sapindales,Meliaceae,Meliaceaephyllum,0
Sapindales,Meliaceae,Melicarya,0
Sapindales,Meliaceae,Dysoxydendron,0
Sapindales,Meliaceae,Nialel,0
Sapindales,Meliaceae,Heyneoxylon,0
Sapindales,Meliaceae,Chisochetonoxylon,0
Sapindales,Meliaceae,Paratrichilioxylon,0
Sapindales,Meliaceae,Swietenioxylon,0
Sapindales,Meliaceae,Carruthia,0
Sapindales,Meliaceae,Meliaceophyllum,0
Sapindales,Meliaceae,Meliadelpha,0
Sapindales,Meliaceae,Pistaciovitex,0
Sapindales,Meliaceae,Aglaiopsis,0
Sapindales,Meliaceae,Heynichia,0
Sapindales,Meliaceae,Lovoaxylon,0
Sapindales,Meliaceae,Entandrophragmoxylon,0
Sapindales,Meliaceae,Goniocheton,0
Sapindales,Meliaceae,Azedarac,0
Sapindales,Meliaceae,Anthocarpa,0
Sapindales,Meliaceae,Aglaioxylon,0
Sapindales,Meliaceae,Meliaceaecarpum,0
Sapindales,Meliaceae,Meliaceoxylon,0
Sapindales,Sapindaceae,Piptosaccos,0
Sapindales,Sapindaceae,Stadmania,0
Sapindales,Sapindaceae,Ungnadia,0
Sapindales,Sapindaceae,Amesiodendron_Hu,0
Sapindales,Sapindaceae,Placioscyphus,0
Sapindales,Sapindaceae,Dabanus,0
Sapindales,Sapindaceae,Sapindoidea,0
Sapindales,Sapindaceae,Mahoe,0
Sapindales,Sapindaceae,Spanoghea,0
Sapindales,Sapindaceae,Wehrwolfea,0
Sapindales,Sapindaceae,Vargasia,0
Sapindales,Sapindaceae,Scorododendron,0
Sapindales,Sapindaceae,Otolepis,0
Sapindales,Sapindaceae,Ernstingia,0
Sapindales,Sapindaceae,Mnassea,0
Sapindales,Sapindaceae,Chimborazoa,0
Sapindales,Sapindaceae,Nassavia,0
Sapindales,Sapindaceae,Pistaciopsis,0
Sapindales,Sapindaceae,Sapindopsoxylon,0
Sapindales,Sapindaceae,Palaeallophylus,0
Sapindales,Sapindaceae,Lachnopetalum,0
Sapindales,Sapindaceae,Acladodea,0
Sapindales,Sapindaceae,Akea,0
Sapindales,Sapindaceae,Corvinia,0
Sapindales,Sapindaceae,Sapindaceaecarpum,0
Sapindales,Sapindaceae,Eccremanthus,0
Sapindales,Sapindaceae,Ephielis,0
Sapindales,Sapindaceae,Willemeta,0
Sapindales,Sapindaceae,Djambioxylon,0
Sapindales,Sapindaceae,Pawia,0
Sapindales,Sapindaceae,Cussambium,0
Sapindales,Sapindaceae,Didymococcus,0
Sapindales,Sapindaceae,Melicopsidium,0
Sapindales,Sapindaceae,Aceroxylon,0
Sapindales,Sapindaceae,Mildea,0
Sapindales,Sapindaceae,Euphoriaecarpum,0
Sapindales,Sapindaceae,Amirola,0
Sapindales,Sapindaceae,Tondin,0
Sapindales,Sapindaceae,Pedicellia,0
Sapindales,Sapindaceae,Sapindospermum,0
Sapindales,Sapindaceae,Esculus,0
Sapindales,Sapindaceae,Acerinium,0
Sapindales,Sapindaceae,Monopleurophyllum,0
Sapindales,Sapindaceae,Euphorioxylon,0
Sapindales,Sapindaceae,Empleurosma,0
Sapindales,Sapindaceae,Rutilia,0
Sapindales,Sapindaceae,Comatoglossum,0
Sapindales,Sapindaceae,Carpidiopterix,0
Sapindales,Sapindaceae,Fraasia,0
Sapindales,Sapindaceae,Cururu,0
Sapindales,Sapindaceae,Sapindophyllum,0
Sapindales,Sapindaceae,Schleicheroxylon,0
Sapindales,Sapindaceae,Irina,0
Sapindales,Sapindaceae,Corindum,0
Sapindales,Sapindaceae,Zygolepis,0
Sapindales,Sapindaceae,Matayboxylon,0
Sapindales,Sapindaceae,Ponaea,0
Sapindales,Sapindaceae,Schmiedeliopsis,0
Sapindales,Sapindaceae,Palaealectryon,0
Sapindales,Sapindaceae,Cominia,0
Sapindales,Sapindaceae,Anoumabia,0
Sapindales,Sapindaceae,Dodonaeaecarpum,0
Sapindales,Sapindaceae,Leonardia,0
Sapindales,Sapindaceae,Negundoides,0
Sapindales,Sapindaceae,Crula,0
Sapindales,Sapindaceae,Ozotis,0
Sapindales,Sapindaceae,Euacer,0
Sapindales,Sapindaceae,Negundium,0
Sapindales,Sapindaceae,Pometioxylon,0
Sapindales,Sapindaceae,Tripterocarpus,0
Sapindales,Sapindaceae,Euphoriopsis,0
Sapindales,Sapindaceae,Jurighas,0
Sapindales,Sapindaceae,Stelechospermum,0
Sapindales,Sapindaceae,Usubis,0
Sapindales,Sapindaceae,Dicranopetalum,0
Sapindales,Sapindaceae,Trigonis,0
Sapindales,Sapindaceae,Diplopetalon,0
Sapindales,Sapindaceae,Pseudatalaya,0
Sapindales,Sapindaceae,Apiocarpos,0
Sapindales,Sapindaceae,Prostea,0
Sapindales,Sapindaceae,Enourea,0
Sapindales,Sapindaceae,Bohlenia,0
Sapindales,Sapindaceae,Nebropsis,0
Sapindales,Sapindaceae,Phaeocarpus,0
Sapindales,Sapindaceae,Hypseloderma,0
Sapindales,Sapindaceae,Akeesia,0
Sapindales,Sapindaceae,Gemella,0
Sapindales,Sapindaceae,Dimereza,0
Sapindales,Sapindaceae,Macrothyrsus,0
Sapindales,Sapindaceae,Otonychium,0
Sapindales,Sapindaceae,Cupanites,0
Sapindales,Sapindaceae,Aesculoxylon,0
Sapindales,Sapindaceae,Ornitrophe,0
Sapindales,Sapindaceae,Digonocarpus,0
Sapindales,Rutaceae,Poncirus,0
Sapindales,Rutaceae,Severinia,0
Sapindales,Rutaceae,Hesperethusa,0
Sapindales,Rutaceae,Oxanthera,0
Sapindales,Rutaceae,x_Citrofortunella,0
Sapindales,Rutaceae,Leptothyrsa,0
Sapindales,Rutaceae,Reputia,0
Sapindales,Rutaceae,Bouzetia,0
Sapindales,Rutaceae,Nycticalanthus,0
Sapindales,Rutaceae,Clausenispermum,0
Sapindales,Rutaceae,Rossittia,0
Sapindales,Rutaceae,Selas,0
Sapindales,Rutaceae,Tetraspis,0
Sapindales,Rutaceae,Dioxippe,0
Sapindales,Rutaceae,Thevetiana,0
Sapindales,Rutaceae,Choribena,0
Sapindales,Rutaceae,Myxospermum,0
Sapindales,Rutaceae,Evodioxylon,0
Sapindales,Rutaceae,Bilacus,0
Sapindales,Rutaceae,Androcephalium,0
Sapindales,Rutaceae,Limnocitrus,0
Sapindales,Rutaceae,Toddaliospermum,0
Sapindales,Rutaceae,Polycyema,0
Sapindales,Rutaceae,Shrubsolea,0
Sapindales,Rutaceae,Achuaria,0
Sapindales,Rutaceae,Helie,0
Sapindales,Rutaceae,Boninia,0
Sapindales,Rutaceae,Gymnonychium,0
Sapindales,Rutaceae,Oxleya,0
Sapindales,Rutaceae,Lepta,0
Sapindales,Rutaceae,Cyclocarpus,0
Sapindales,Rutaceae,Malicope,0
Sapindales,Rutaceae,Entoganum,0
Sapindales,Rutaceae,Papeda,0
Sapindales,Rutaceae,Seyerinia,0
Sapindales,Rutaceae,Democrita,0
Sapindales,Rutaceae,Dichosma,0
Sapindales,Rutaceae,Malnaregam,0
Sapindales,Rutaceae,Mazeutoxeron,0
Sapindales,Rutaceae,Cranzia,0
Sapindales,Rutaceae,Schimmelia,0
Sapindales,Rutaceae,Symphyopetalon,0
Sapindales,Rutaceae,Sarcodactilis,0
Sapindales,Rutaceae,Anquetilia,0
Sapindales,Rutaceae,Desmophyllum,0
Sapindales,Rutaceae,Lunana,0
Sapindales,Rutaceae,Atalantioxylon,0
Sapindales,Rutaceae,Marsana,0
Sapindales,Rutaceae,Aestuaria,0
Sapindales,Rutaceae,Klippsteinia,0
Sapindales,Rutaceae,Phantis,0
Sapindales,Rutaceae,Elemi,0
Sapindales,Rutaceae,Haenkea,0
Sapindales,Rutaceae,Eozanthoxylon,0
Sapindales,Rutaceae,Dipetalum,0
Sapindales,Rutaceae,Aspidostigma,0
Sapindales,Rutaceae,Ockea,0
Sapindales,Rutaceae,Roelpinia,0
Sapindales,Rutaceae,Oriciopsis,0
Sapindales,Rutaceae,Jambolana,0
Sapindales,Rutaceae,Euphrona,0
Sapindales,Rutaceae,Huonia,0
Sapindales,Rutaceae,Myaris,0
Sapindales,Rutaceae,Rutaecarpus,0
Sapindales,Rutaceae,Citrusoxylon,0
Sapindales,Rutaceae,Chamaelea,0
Sapindales,Rutaceae,Aulacia,0
Sapindales,Rutaceae,Gastrostylus,0
Sapindales,Rutaceae,Cyminosma,0
Sapindales,Rutaceae,Gallesioa,0
Sapindales,Rutaceae,Arthromischus,0
Sapindales,Rutaceae,Ampacus,0
Sapindales,Rutaceae,Rutoxylon,0
Sapindales,Rutaceae,Cunto,0
Sapindales,Rutaceae,Errerana,0
Sapindales,Rutaceae,Pteleaecarpum,0
Sapindales,Rutaceae,Pseudaegle,0
Sapindales,Rutaceae,Fagarastrum,0
Sapindales,Rutaceae,Citrispermum,0
Sapindales,Rutaceae,Elemifera,0
Sapindales,Rutaceae,Rutaphyllum,0
Sapindales,Rutaceae,Chionotria,0
Sapindales,Rutaceae,Doratium,0
Sapindales,Rutaceae,Corraea,0
Sapindales,Rutaceae,Anisifolium,0
Sapindales,Rutaceae,Rutaceites,0
Sapindales,Rutaceae,Sanfordia,0
Sapindales,Rutaceae,Duncania,0
Sapindales,Rutaceae,Canticarya,0
Sapindales,Rutaceae,Lampetia,0
Sapindales,Rutaceae,Phoenicimon,0
Sapindales,Rutaceae,Limon,0
Sapindales,Rutaceae,Caxtonia,0
Sapindales,Rutaceae,Fagaroxylon,0
Sapindales,Rutaceae,Bodinieria,0
Sapindales,Rutaceae,Citreum,0
Sapindales,Rutaceae,Strzeleckya,0
Sapindales,Rutaceae,Kodalyodendron,0
Sapindales,Rutaceae,Podostaurus,0
Sapindales,Rutaceae,Spathalea,0
Sapindales,Rutaceae,Poechia,0
Sapindales,Rutaceae,Evodinium,0
Sapindales,Rutaceae,Pseudopetalon,0
Sapindales,Rutaceae,Herzogia,0
Sapindales,Rutaceae,Pilotheca,0
Sapindales,Rutaceae,Amyridoxylon,0
Sapindales,Rutaceae,Dihasiopsis,0
Sapindales,Anacardiaceae,Mytilococcus,0
Sapindales,Anacardiaceae,Schmaltzia,0
Sapindales,Anacardiaceae,Poupartiopsis,0
Sapindales,Anacardiaceae,Rhoeidium,0
Sapindales,Anacardiaceae,Spondicarya,0
Sapindales,Anacardiaceae,Lobaticarpum,0
Sapindales,Anacardiaceae,Dracontomeloxylon,0
Sapindales,Anacardiaceae,Glutoxylon,0
Sapindales,Anacardiaceae,Lentiscus,0
Sapindales,Anacardiaceae,Schinoxylon,0
Sapindales,Anacardiaceae,Holigarnoxylon,0
Sapindales,Anacardiaceae,Semecarpites,0
Sapindales,Anacardiaceae,Monodynamus,0
Sapindales,Anacardiaceae,Trilobium,0
Sapindales,Anacardiaceae,Katou-Tsjeroe,0
Sapindales,Anacardiaceae,Molle,0
Sapindales,Anacardiaceae,Spondiocarpus,0
Sapindales,Anacardiaceae,Lanzana,0
Sapindales,Anacardiaceae,Edenoxylon,0
Sapindales,Anacardiaceae,Koordersina,0
Sapindales,Anacardiaceae,Lanneoxylon,0
Sapindales,Anacardiaceae,Calesiam,0
Sapindales,Anacardiaceae,Vernix,0
Sapindales,Anacardiaceae,Cytheraea,0
Sapindales,Anacardiaceae,Colombicarpum,0
Sapindales,Anacardiaceae,Spondiopsis,0
Sapindales,Anacardiaceae,Swintonioxylon,0
Sapindales,Anacardiaceae,Acajou,0
Sapindales,Anacardiaceae,Coelopyrum,0
Sapindales,Anacardiaceae,Festania,0
Sapindales,Anacardiaceae,Plectomirtha,0
Sapindales,Anacardiaceae,Anacardiophyllum,0
Sapindales,Anacardiaceae,Mangiferoxylon,0
Sapindales,Anacardiaceae,Teschia,0
Sapindales,Anacardiaceae,Dracontomelumoxylon,0
Sapindales,Anacardiaceae,Mangas,0
Sapindales,Anacardiaceae,Piperodendron,0
Sapindales,Anacardiaceae,Joncquetia,0
Sapindales,Anacardiaceae,Drepanospermum,0
Sapindales,Anacardiaceae,Pseudosclerocarya,0
Sapindales,Anacardiaceae,Pliogynopsis,0
Sapindales,Anacardiaceae,Dracontocarya,0
Sapindales,Anacardiaceae,Astronioxylon,0
Sapindales,Anacardiaceae,Spondiaecarpum,0
Sapindales,Anacardiaceae,Daphnitis,0
Sapindales,Anacardiaceae,Sumachium,0
Sapindales,Anacardiaceae,Melanorrhoeoxylon,0
Sapindales,Anacardiaceae,Sclerocaryoxylon,0
Sapindales,Anacardiaceae,Acajuba,0
Sapindales,Anacardiaceae,Buchananioxylon,0
Sapindales,Anacardiaceae,Thezera,0
Sapindales,Anacardiaceae,Rhoidium,0
Sapindales,Anacardiaceae,Monbin,0
Sapindales,Anacardiaceae,Evia,0
Sapindales,Anacardiaceae,Xylocarya,0
Sapindales,Anacardiaceae,Maureroxylon,0
Sapindales,Anacardiaceae,Anacardioxylon,0
Sapindales,Anacardiaceae,Calsiama,0
Sapindales,Anacardiaceae,Euleria,0
Sapindales,Anacardiaceae,Terrazoxylon,0
Sapindales,Anacardiaceae,Spondiaecarpon,0
Sapindales,Anacardiaceae,Philostemon,0
Sapindales,Anacardiaceae,Sumacus,0
Sapindales,Kirkiaceae,Glycycarpus,0
Sapindales,Aceraceae,Pleiokirkia,0
Sapindales,Burseraceae,Tingulonga,0
Sapindales,Burseraceae,Santiridium,0
Sapindales,Burseraceae,Protamyris,0
Sapindales,Burseraceae,Lampetia,0
Sapindales,Burseraceae,Canariopsis,0
Sapindales,Burseraceae,Balsamophloeos,0
Sapindales,Burseraceae,Caproxylon,0
Sapindales,Burseraceae,Curtisina,0
Sapindales,Burseraceae,Palaeobursera,0
Sapindales,Burseraceae,Sonzaya,0
Sapindales,Burseraceae,Burseroxylon,0
Sapindales,Burseraceae,Burserites,0
Sapindales,Burseraceae,Schwaegrichenia,0
Sapindales,Burseraceae,Garugoxylon,0
Sapindales,Burseraceae,Icicopsis,0
Sapindales,Burseraceae,Bursericarpum,0
Sapindales,Burseraceae,Protocommiphora,0
Sapindales,Burseraceae,Canariocarpon,0
Sapindales,Burseraceae,Protionopsis,0
Sapindales,Burseraceae,Ploesslia,0
Sapindales,Burseraceae,Nanari,0
Sapindales,Burseraceae,Balsamus,0
Sapindales,Burseraceae,Cryptocarpa,0
Sapindales,Burseraceae,Marignia,0
Sapindales,Burseraceae,Barghoornia,0
Sapindales,Burseraceae,Icicariba,0
Sapindales,Burseraceae,Boswellioxylon,0
Sapindales,Burseraceae,Libanotus,0
Sapindales,Burseraceae,Hitzeria,0
Sapindales,Burseraceae,Canarioxylon,0
Sapindales,Burseraceae,Colophonia,0
Brassicales,Cleomaceae,Tetrateleia,0
Brassicales,Cleomaceae,Oxystylis,0
Brassicales,Cleomaceae,Carsonia,0
Brassicales,Cleomaceae,Isomeris,0
Brassicales,Cleomaceae,Peritoma,0
Brassicales,Cleomaceae,Gynandropsis,0
Brassicales,Capparaceae,Anisocapparis,0
Brassicales,Capparaceae,Acome,0
Brassicales,Capparaceae,Hombak,0
Brassicales,Capparaceae,Capparidoxylon,0
Brassicales,Capparaceae,Cyrbasium,0
Brassicales,Capparaceae,Marsesina,0
Brassicales,Capparaceae,Isexina,0
Brassicales,Capparaceae,Nevosmila,0
Brassicales,Capparaceae,Triandrophora,0
Brassicales,Capparaceae,Voyara,0
Brassicales,Capparaceae,Aldenella,0
Brassicales,Capparaceae,Sinapistrum,0
Brassicales,Capparaceae,Burtonella,0
Brassicales,Capparaceae,Pericla,0
Brassicales,Capparaceae,Coalisina,0
Brassicales,Capparaceae,Diorimasperma,0
Brassicales,Capparaceae,Pleuteron,0
Brassicales,Capparaceae,Triclanthera,0
Brassicales,Capparaceae,Palaeocleome,0
Brassicales,Capparaceae,Tapia,0
Brassicales,Capparaceae,Capparidispermum,0
Brassicales,Capparaceae,Aubion,0
Brassicales,Capparaceae,Physanthemum,0
Brassicales,Capparaceae,Murbeckia,0
Brassicales,Capparaceae,Olofuton,0
Brassicales,Capparaceae,Oligloron,0
Brassicales,Capparaceae,Neocleome,0
Brassicales,Capparaceae,Anisosticte,0
Brassicales,Capparaceae,Uterveria,0
Brassicales,Capparaceae,Hermupoa,0
Brassicales,Capparaceae,Melidiscus,0
Brassicales,Capparaceae,Stylista,0
Brassicales,Capparaceae,Capparites,0
Brassicales,Capparaceae,Meloke,0
Brassicales,Capparaceae,Sieruela,0
Brassicales,Capparaceae,Scolosperma,0
Brassicales,Capparaceae,Hyponema,0
Brassicales,Capparaceae,Oncufis,0
Brassicales,Capparaceae,Forchhammerioxylon,0
Brassicales,Capparaceae,Capparidocarpus,0
Brassicales,Capparaceae,Streblocarpus,0
Brassicales,Capparaceae,Octanema,0
Brassicales,Capparaceae,Micambe,0
Brassicales,Capparaceae,Lagansa,0
Brassicales,Capparaceae,Roemera,0
Brassicales,Capparaceae,Podogyne,0
Brassicales,Capparaceae,Isopara,0
Brassicales,Capparaceae,Siliquaria,0
Brassicales,Capparaceae,Anomalostemon,0
Brassicales,Capparaceae,Atalanta,0
Brassicales,Capparaceae,Dispara,0
Brassicales,Capparaceae,Intutis,0
Brassicales,Capparaceae,Mozambe,0
Brassicales,Capparaceae,Schepperia,0
Brassicales,Capparaceae,Destrugesia,0
Brassicales,Brassicaceae,Othrys,0
Brassicales,Brassicaceae,Cheesemania,0
Brassicales,Brassicaceae,Catadysia,0
Brassicales,Brassicaceae,Coelophragmus,0
Brassicales,Brassicaceae,Ptilotrichum,0
Brassicales,Brassicaceae,Berteroella,0
Brassicales,Brassicaceae,Lachnocapsa,0
Brassicales,Brassicaceae,Pachypterygium,0
Brassicales,Brassicaceae,Boreava,0
Brassicales,Brassicaceae,Oreoloma,0
Brassicales,Brassicaceae,Neobeckia,0
Brassicales,Brassicaceae,Iti,0
Brassicales,Brassicaceae,Moriera,0
Brassicales,Brassicaceae,Achoriphragma,0
Brassicales,Brassicaceae,Thellungiella,0
Brassicales,Brassicaceae,Spirorhynchus,0
Brassicales,Brassicaceae,Zilla,0
Brassicales,Brassicaceae,Euzomodendron,0
Brassicales,Brassicaceae,Mazocarpon,0
Brassicales,Brassicaceae,Asolanus,0
Brassicales,Brassicaceae,Euphorbites,0
Brassicales,Brassicaceae,Subsigillaria,0
Brassicales,Brassicaceae,Presigillaria,0
Brassicales,Brassicaceae,Nudasporestrobus,0
Brassicales,Brassicaceae,Clathraria,0
Brassicales,Brassicaceae,Sigillariostrobus,0
Brassicales,Brassicaceae,Sigillariopsis,0
Brassicales,Brassicaceae,Signacularia,0
Brassicales,Sigillariaceae,Favularia,0
Brassicales,Sigillariaceae,Acanthocardamum,0
Brassicales,Sigillariaceae,Stubendorfia,0
Brassicales,Sigillariaceae,Barbamine,0
Brassicales,Sigillariaceae,Stenophragma,0
Brassicales,Sigillariaceae,Brachylobus,0
Brassicales,Sigillariaceae,Pseudanastatica,0
Brassicales,Sigillariaceae,Inopsidium,0
Brassicales,Sigillariaceae,Goerkemia,0
Brassicales,Sigillariaceae,Raphanorhyncha,0
Brassicales,Sigillariaceae,Stylonema,0
Brassicales,Sigillariaceae,Syreniopsis,0
Brassicales,Sigillariaceae,Leptormus,0
Brassicales,Sigillariaceae,Discovium,0
Brassicales,Sigillariaceae,Disynoma,0
Brassicales,Sigillariaceae,Pachystylum,0
Brassicales,Sigillariaceae,Pterotropis,0
Brassicales,Sigillariaceae,Carpoceras,0
Brassicales,Sigillariaceae,Kladnia,0
Brassicales,Sigillariaceae,Carpopodium,0
Brassicales,Sigillariaceae,Lexarzanthe,0
Brassicales,Sigillariaceae,Hiericontis,0
Brassicales,Sigillariaceae,Lepia,0
Brassicales,Sigillariaceae,Norta,0
Brassicales,Sigillariaceae,Jodanthus,0
Brassicales,Sigillariaceae,Morisea,0
Brassicales,Sigillariaceae,Glyce,0
Brassicales,Sigillariaceae,Cynocardamum,0
Brassicales,Sigillariaceae,Biauricula,0
Brassicales,Sigillariaceae,Cyclopterygium,0
Brassicales,Sigillariaceae,Rapistrella,0
Brassicales,Sigillariaceae,Gorinkia,0
Brassicales,Sigillariaceae,Traillia,0
Brassicales,Sigillariaceae,Platypetalum,0
Brassicales,Sigillariaceae,Stylocarpum,0
Brassicales,Sigillariaceae,Cruciundula,0
Brassicales,Sigillariaceae,Plagioloba,0
Brassicales,Sigillariaceae,Heterocrambe,0
Brassicales,Sigillariaceae,Carara,0
Brassicales,Sigillariaceae,Strophades,0
Brassicales,Sigillariaceae,Sterigma,0
Brassicales,Sigillariaceae,Andreoskia,0
Brassicales,Sigillariaceae,Nasturtioides,0
Brassicales,Sigillariaceae,Diceratium,0
Brassicales,Sigillariaceae,Diastrophis,0
Brassicales,Sigillariaceae,Ornithorhynchium,0
Brassicales,Sigillariaceae,Kandis,0
Brassicales,Sigillariaceae,Cotyliscus,0
Brassicales,Sigillariaceae,Dollineria,0
Brassicales,Sigillariaceae,Dorella,0
Brassicales,Sigillariaceae,Monanthemum,0
Brassicales,Sigillariaceae,Abasicarpon,0
Brassicales,Sigillariaceae,Maximowasia,0
Brassicales,Sigillariaceae,Jonthlaspi,0
Brassicales,Sigillariaceae,Chrysanthemopsis,0
Brassicales,Sigillariaceae,Prisciana,0
Brassicales,Sigillariaceae,Agrosinapis,0
Brassicales,Sigillariaceae,Brachypus,0
Brassicales,Sigillariaceae,Fosselinia,0
Brassicales,Sigillariaceae,Discurea,0
Brassicales,Sigillariaceae,Orthorrhiza,0
Brassicales,Sigillariaceae,Agonolobus,0
Brassicales,Sigillariaceae,Chamaelinum,0
Brassicales,Sigillariaceae,Luperia,0
Brassicales,Sigillariaceae,Leucosinapis,0
Brassicales,Sigillariaceae,Bergeretia,0
Brassicales,Sigillariaceae,Nasturtiops,0
Brassicales,Sigillariaceae,Acuston,0
Brassicales,Sigillariaceae,Teruncius,0
Brassicales,Sigillariaceae,Goniolobium,0
Brassicales,Sigillariaceae,Napus,0
Brassicales,Sigillariaceae,Leptobasis,0
Brassicales,Sigillariaceae,Linostrophum,0
Brassicales,Sigillariaceae,Astylus,0
Brassicales,Sigillariaceae,Pinaria,0
Brassicales,Sigillariaceae,Cistocarpium,0
Brassicales,Sigillariaceae,Delpinoella,0
Brassicales,Sigillariaceae,Mutarda,0
Brassicales,Sigillariaceae,Cleomodendron,0
Brassicales,Sigillariaceae,Euclisia,0
Brassicales,Sigillariaceae,Martinsia,0
Brassicales,Sigillariaceae,Orium,0
Brassicales,Sigillariaceae,Gakenia,0
Brassicales,Sigillariaceae,Selenocarpaea,0
Brassicales,Sigillariaceae,Coulterina,0
Brassicales,Sigillariaceae,Dyplotaxis,0
Brassicales,Sigillariaceae,Rhamphospermum,0
Brassicales,Sigillariaceae,Pastoraea,0
Brassicales,Sigillariaceae,Gonyclisia,0
Brassicales,Sigillariaceae,Ormiscus,0
Brassicales,Sigillariaceae,Lepidiopsis,0
Brassicales,Sigillariaceae,Strangalis,0
Brassicales,Sigillariaceae,Sinapi,0
Brassicales,Sigillariaceae,Diploceras,0
Brassicales,Sigillariaceae,Conirostrum,0
Brassicales,Sigillariaceae,Folis,0
Brassicales,Sigillariaceae,Brassicastrum,0
Brassicales,Sigillariaceae,Leiolobia,0
Brassicales,Sigillariaceae,Tonguea,0
Brassicales,Sigillariaceae,Metathlaspi,0
Brassicales,Sigillariaceae,Velleruca,0
Brassicales,Sigillariaceae,Chamaeplium,0
Brassicales,Sigillariaceae,Leptocarpaea,0
Brassicales,Sigillariaceae,Guepinia,0
Brassicales,Sigillariaceae,Bricour,0
Brassicales,Sigillariaceae,Alloceratium,0
Brassicales,Sigillariaceae,Leiolobium,0
Brassicales,Sigillariaceae,Monoploca,0
Brassicales,Sigillariaceae,Beketowia,0
Brassicales,Sigillariaceae,Podolobus,0
Brassicales,Sigillariaceae,Heliophylla,0
Brassicales,Sigillariaceae,Tetraceratium,0
Brassicales,Sigillariaceae,Takhtajaniella,0
Brassicales,Sigillariaceae,Rodschiedia,0
Brassicales,Sigillariaceae,Melanosinapis,0
Brassicales,Sigillariaceae,Valarum,0
Brassicales,Sigillariaceae,Zizzia,0
Brassicales,Sigillariaceae,Zygopeltis,0
Brassicales,Sigillariaceae,Promicrantha,0
Brassicales,Sigillariaceae,Phryne,0
Brassicales,Sigillariaceae,Sinapistrum,0
Brassicales,Sigillariaceae,Isatides,0
Brassicales,Sigillariaceae,Cornalia,0
Brassicales,Sigillariaceae,Thlaspidea,0
Brassicales,Sigillariaceae,Vandalea,0
Brassicales,Sigillariaceae,Irio,0
Brassicales,Sigillariaceae,Octadenia,0
Brassicales,Sigillariaceae,Bohadschia,0
Brassicales,Sigillariaceae,Cheiri,0
Brassicales,Sigillariaceae,Dispeltophorus,0
Brassicales,Sigillariaceae,Deilosma,0
Brassicales,Sigillariaceae,Sennebiera,0
Brassicales,Sigillariaceae,Perspicillum,0
Brassicales,Sigillariaceae,Nasturtiolum,0
Brassicales,Sigillariaceae,Holargidium,0
Brassicales,Sigillariaceae,Dileptium,0
Brassicales,Sigillariaceae,Consana,0
Brassicales,Sigillariaceae,Anodontea,0
Brassicales,Sigillariaceae,Chodsha-kasiana,0
Brassicales,Sigillariaceae,Minaea,0
Brassicales,Sigillariaceae,Acinotum,0
Brassicales,Sigillariaceae,Cardiolepis,0
Brassicales,Sigillariaceae,Kakile,0
Brassicales,Sigillariaceae,Morisina,0
Brassicales,Limnanthaceae,Myopteron,0
Brassicales,Resedaceae,Vasconcellosia,0
Brassicales,Resedaceae,Arkopoda,0
Brassicales,Resedaceae,Luteola,0
Brassicales,Resedaceae,Resedella,0
Brassicales,Resedaceae,Ellimia,0
Brassicales,Resedaceae,Eresda,0
Brassicales,Resedaceae,Tereianthes,0
Brassicales,Resedaceae,Stylexia,0
Brassicales,Resedaceae,Pectanisia,0
Brassicales,Resedaceae,Sesamella,0
Brassicales,Resedaceae,Stefaninia,0
Brassicales,Resedaceae,Sesamodes,0
Brassicales,Resedaceae,Holopetalum,0
Brassicales,Moringaceae,Dipetalia,0
Brassicales,Tropaeolaceae,Rixea,0
Brassicales,Tropaeolaceae,Acriviola,0
Brassicales,Tropaeolaceae,Chymocarpus,0
Brassicales,Emblingiaceae,Anisocentra,0
Crossosomatales,Staphyleaceae,Triceraia,0
Crossosomatales,Staphyleaceae,Lacepedea,0
Crossosomatales,Staphyleaceae,Staphylodendrum,0
Crossosomatales,Staphyleaceae,Staphylodendron,0
Crossosomatales,Staphyleaceae,Bumalda,0
Crossosomatales,Aphloiaceae,Staphyllodendron,0
Myrtales,Lythraceae,Hionanthera,0
Myrtales,Lythraceae,Plectronia,0
Myrtales,Lythraceae,Pentaglossum,0
Myrtales,Lythraceae,Prototrapa,0
Myrtales,Lythraceae,Portula,0
Myrtales,Lythraceae,Adambea,0
Myrtales,Lythraceae,Murtughas,0
Myrtales,Lythraceae,Duabangoxylon,0
Myrtales,Lythraceae,Mikia,0
Myrtales,Lythraceae,Ronconia,0
Myrtales,Lythraceae,Mirkooa,0
Myrtales,Lythraceae,Henna,0
Myrtales,Lythraceae,Hypobrichia,0
Myrtales,Lythraceae,Tritheca,0
Myrtales,Lythraceae,Ododeca,0
Myrtales,Lythraceae,Trapophyllum,0
Myrtales,Lythraceae,Cranmeria,0
Myrtales,Lythraceae,Suffrenia,0
Myrtales,Lythraceae,Nimmoia,0
Myrtales,Lythraceae,Mycostylis,0
Myrtales,Lythraceae,Shirleya,0
Myrtales,Lythraceae,Chiratia,0
Myrtales,Lythraceae,Endecaria,0
Myrtales,Lythraceae,Editeles,0
Myrtales,Lythraceae,Pachyspermum,0
Myrtales,Lythraceae,Middendorfia,0
Myrtales,Lythraceae,Punicoxylon,0
Myrtales,Lythraceae,Pythagorea,0
Myrtales,Lythraceae,Mozula,0
Myrtales,Lythraceae,Winterlia,0
Myrtales,Lythraceae,Ditheca,0
Myrtales,Lythraceae,Chabraea,0
Myrtales,Lythraceae,Minsterocarpum,0
Myrtales,Lythraceae,Sahnianthus,0
Myrtales,Lythraceae,Punicites,0
Myrtales,Lythraceae,Tsjinkin,0
Myrtales,Lythraceae,Balsamona,0
Myrtales,Lythraceae,Catuadamboe,0
Myrtales,Lythraceae,Sellowia,0
Myrtales,Lythraceae,Lagerstroemioxylon,0
Myrtales,Lythraceae,Decadonia,0
Myrtales,Lythraceae,Palaeotrapa,0
Myrtales,Lythraceae,Sonneratiorhizos,0
Myrtales,Lythraceae,Tomostylis,0
Myrtales,Lythraceae,Macclellandia,0
Myrtales,Lythraceae,Dipetalon,0
Myrtales,Lythraceae,Hexostemon,0
Myrtales,Lythraceae,Hapalocarpum,0
Myrtales,Lythraceae,Microdiptera,0
Myrtales,Lythraceae,Mneme,0
Myrtales,Lythraceae,Enigmocarpon,0
Myrtales,Lythraceae,Ammannella,0
Myrtales,Lythraceae,Eotrapa,0
Myrtales,Lythraceae,Kambala,0
Myrtales,Lythraceae,Fatioa,0
Myrtales,Lythraceae,Nexilis,0
Myrtales,Lythraceae,Quirina,0
Myrtales,Lythraceae,Lythastrum,0
Myrtales,Lythraceae,Palaeolythrum,0
Myrtales,Lythraceae,Alatospermum,0
Myrtales,Lythraceae,Salica,0
Myrtales,Lythraceae,Tamesicarpum,0
Myrtales,Lythraceae,Leptospartion,0
Myrtales,Lythraceae,Ameletia,0
Myrtales,Lythraceae,Diplostemon,0
Myrtales,Lythraceae,Melfona,0
Myrtales,Melastomataceae,Sonneratioxylon,0
Myrtales,Melastomataceae,Chalybea,0
Myrtales,Melastomataceae,Pogonanthera,0
Myrtales,Melastomataceae,Campimia,0
Myrtales,Melastomataceae,Dinophora,0
Myrtales,Melastomataceae,Carionia,0
Myrtales,Melastomataceae,Myrmidone,0
Myrtales,Melastomataceae,Dalenia,0
Myrtales,Melastomataceae,Bockia,0
Myrtales,Melastomataceae,Petaloma,0
Myrtales,Melastomataceae,Catachaenia,0
Myrtales,Melastomataceae,Cyathanthera,0
Myrtales,Melastomataceae,Miconiastrum,0
Myrtales,Melastomataceae,Ephynes,0
Myrtales,Melastomataceae,Auliphas,0
Myrtales,Melastomataceae,Diplostegium,0
Myrtales,Melastomataceae,Schizanthera,0
Myrtales,Melastomataceae,Antisola,0
Myrtales,Melastomataceae,Myriaspora,0
Myrtales,Melastomataceae,Chaenopleura,0
Myrtales,Melastomataceae,Omphalopus,0
Myrtales,Melastomataceae,Lomanthera,0
Myrtales,Melastomataceae,Hartigia,0
Myrtales,Melastomataceae,Exodiclis,0
Myrtales,Melastomataceae,Cyanandrium,0
Myrtales,Melastomataceae,Brittenia,0
Myrtales,Melastomataceae,Llewelynia,0
Myrtales,Melastomataceae,Gynomphis,0
Myrtales,Melastomataceae,Mommsenia,0
Myrtales,Melastomataceae,Physophyllum,0
Myrtales,Melastomataceae,Folomfis,0
Myrtales,Melastomataceae,Miconiiphyllum,0
Myrtales,Melastomataceae,Acipetalum,0
Myrtales,Melastomataceae,Miocarpus,0
Myrtales,Melastomataceae,Enaulophyton,0
Myrtales,Melastomataceae,Valdesia,0
Myrtales,Melastomataceae,Gonema,0
Myrtales,Melastomataceae,Onoctonia,0
Myrtales,Melastomataceae,Zulatia,0
Myrtales,Melastomataceae,Truncaria,0
Myrtales,Melastomataceae,Abrophaes,0
Myrtales,Melastomataceae,Jaravaea,0
Myrtales,Melastomataceae,Sericola,0
Myrtales,Melastomataceae,Pleurochaenia,0
Myrtales,Melastomataceae,Octella,0
Myrtales,Melastomataceae,Guildingia,0
Myrtales,Melastomataceae,Jucunda,0
Myrtales,Melastomataceae,Lieutautia,0
Myrtales,Melastomataceae,Chiloporus,0
Myrtales,Melastomataceae,Antheryta,0
Myrtales,Melastomataceae,Glossocentrum,0
Myrtales,Melastomataceae,Dancera,0
Myrtales,Melastomataceae,Leiostegia,0
Myrtales,Melastomataceae,Decaraphe,0
Myrtales,Melastomataceae,Tschudya,0
Myrtales,Melastomataceae,Pseudosbeckia,0
Myrtales,Melastomataceae,Ziegera,0
Myrtales,Melastomataceae,Derosiphia,0
Myrtales,Melastomataceae,Benevidesia,0
Myrtales,Melastomataceae,Adamea,0
Myrtales,Melastomataceae,Savastania,0
Myrtales,Melastomataceae,Hypenanthe,0
Myrtales,Melastomataceae,Tetrameris,0
Myrtales,Melastomataceae,Sarcomeris,0
Myrtales,Melastomataceae,Synodon,0
Myrtales,Melastomataceae,Clidemiastrum,0
Myrtales,Melastomataceae,Synoptera,0
Myrtales,Melastomataceae,Tylanthera,0
Myrtales,Melastomataceae,Chaenophora,0
Myrtales,Melastomataceae,Leonicenia,0
Myrtales,Melastomataceae,Tricentrum,0
Myrtales,Melastomataceae,Melastomaceophyllum,0
Myrtales,Melastomataceae,Eurychaenia,0
Myrtales,Melastomataceae,Acinolis,0
Myrtales,Melastomataceae,Pogonorhynchus,0
Myrtales,Melastomataceae,Xeracina,0
Myrtales,Melastomataceae,Clastilix,0
Myrtales,Melastomataceae,Stephanogastra,0
Myrtales,Melastomataceae,Cyphostyla,0
Myrtales,Melastomataceae,Octomeris,0
Myrtales,Melastomataceae,Diplogenea,0
Myrtales,Combretaceae,Alosemis,0
Myrtales,Combretaceae,Fatraea,0
Myrtales,Combretaceae,Combretiphyllum,0
Myrtales,Combretaceae,Combretoxylon,0
Myrtales,Combretaceae,Getonites,0
Myrtales,Combretaceae,Lumnitzeroxylon,0
Myrtales,Combretaceae,Anogeissuxylon,0
Myrtales,Combretaceae,Combretanthites,0
Myrtales,Combretaceae,Combretacinium,0
Myrtales,Combretaceae,Esgueiria,0
Myrtales,Combretaceae,Conocarpites,0
Myrtales,Combretaceae,Rhizaeris,0
Myrtales,Combretaceae,Terminaliophyllum,0
Myrtales,Combretaceae,Panel,0
Myrtales,Combretaceae,Sphenocarpus,0
Myrtales,Combretaceae,Anogeissusoxylon,0
Myrtales,Penaeaceae,Cacucia,0
Myrtales,Penaeaceae,Cremastostemon,0
Myrtales,Alzateaceae,Sarocolla,0
Myrtales,Myrtaceae,Tepualia,0
Myrtales,Myrtaceae,Carpolepis,0
Myrtales,Myrtaceae,Seorsus,0
Myrtales,Myrtaceae,Harmogia,0
Myrtales,Myrtaceae,Monimiastrum,0
Myrtales,Myrtaceae,Commersona,0
Myrtales,Myrtaceae,Fropiera,0
Myrtales,Myrtaceae,Adhunia,0
Myrtales,Myrtaceae,Callistemonoxylon,0
Myrtales,Myrtaceae,Myrceugenellites,0
Myrtales,Myrtaceae,Leptospermocarpum,0
Myrtales,Myrtaceae,Raoanthus,0
Myrtales,Myrtaceae,Paleomyrtinaea,0
Myrtales,Myrtaceae,Leptospermatoxylon,0
Myrtales,Myrtaceae,Myrtoidoxylon,0
Myrtales,Myrtaceae,Callistemonites,0
Myrtales,Myrtaceae,Aldwickia,0
Myrtales,Myrtaceae,Myrtoxylon,0
Myrtales,Myrtaceae,Palaeorhodomyrtus,0
Myrtales,Myrtaceae,Syzygioxylon,0
Myrtales,Myrtaceae,Myrtomiophyton,0
Myrtales,Myrtaceae,Myrtospermum,0
Myrtales,Myrtaceae,Cuiavus,0
Myrtales,Myrtaceae,Draparnandia,0
Myrtales,Myrtaceae,Callistemophyllum,0
Myrtales,Myrtaceae,Lencymmoea,0
Myrtales,Myrtaceae,Dodecaspermum,0
Myrtales,Myrtaceae,Syncarpites,0
Myrtales,Myrtaceae,Myrtifolium,0
Myrtales,Myrtaceae,Myrtomera,0
Myrtales,Myrtaceae,Gaslondia,0
Myrtales,Myrtaceae,Glaphyria,0
Myrtales,Vochysiaceae,Paramyrtaciphyllum,0
Myrtales,Onagraceae,Qualeoxylon,0
Myrtales,Onagraceae,Stenosiphon,0
Myrtales,Onagraceae,Calylophus,0
Myrtales,Onagraceae,Prieurea,0
Myrtales,Onagraceae,Dorvalia,0
Myrtales,Onagraceae,Staehelinoides,0
Myrtales,Onagraceae,Antogoeringia,0
Myrtales,Onagraceae,Palaeeucharidium,0
Myrtales,Onagraceae,Dictyopetalum,0
Myrtales,Onagraceae,Jussia,0
Myrtales,Onagraceae,Pseudo-oenothera,0
Myrtales,Onagraceae,Carlo-stephania,0
Myrtales,Onagraceae,Brunyera,0
Myrtales,Onagraceae,Adenola,0
Myrtales,Crypteroniaceae,Epactium,0
Myrtales,Peneaceae,Quilamum,0
Celastrales,Celastraceae,Euonymopsis,0
Celastrales,Celastraceae,Simirestis,0
Celastrales,Celastraceae,Arnicratea,0
Celastrales,Celastraceae,Lepuropetalon,0
Celastrales,Celastraceae,Moya,0
Celastrales,Celastraceae,Macahanea,0
Celastrales,Celastraceae,Managa,0
Celastrales,Celastraceae,Pachistima,0
Celastrales,Celastraceae,Tampoa,0
Celastrales,Celastraceae,Encentrus,0
Celastrales,Celastraceae,Asterocarpus,0
Celastrales,Celastraceae,Tyloderma,0
Celastrales,Celastraceae,Theaphyllum,0
Celastrales,Celastraceae,Trigonotheca,0
Celastrales,Celastraceae,Schieckea,0
Celastrales,Celastraceae,Vyenomus,0
Celastrales,Celastraceae,Celastrinanthium,0
Celastrales,Celastraceae,Turibana,0
Celastrales,Celastraceae,Celastrocarpus,0
Celastrales,Celastraceae,Sarcocampsa,0
Celastrales,Celastraceae,Amphizoma,0
Celastrales,Celastraceae,Diplesthes,0
Celastrales,Celastraceae,Methyscophyllum,0
Celastrales,Celastraceae,Romualdea,0
Celastrales,Celastraceae,Polyacanthus,0
Celastrales,Celastraceae,Sugoia,0
Celastrales,Celastraceae,Genitia,0
Celastrales,Celastraceae,Canticarpum,0
Celastrales,Celastraceae,Sicyomorpha,0
Celastrales,Celastraceae,Goupioxylon,0
Celastrales,Celastraceae,Katafa,0
Celastrales,Celastraceae,Masakia,0
Celastrales,Celastraceae,Euonymoides,0
Celastrales,Celastraceae,Elaeodendroxylon,0
Celastrales,Celastraceae,Rubentia,0
Celastrales,Celastraceae,Evonimoides,0
Celastrales,Celastraceae,Monteverdia,0
Celastrales,Celastraceae,Curondia,0
Celastrales,Celastraceae,Celastrinoxylon,0
Celastrales,Celastraceae,Maytenoides,0
Celastrales,Celastraceae,Lophopetalumoxylon,0
Celastrales,Celastraceae,Cathispermum,0
Celastrales,Celastraceae,Coa,0
Celastrales,Celastraceae,Semarilla,0
Celastrales,Celastraceae,Haenkea,0
Celastrales,Celastraceae,Celastrinites,0
Celastrales,Celastraceae,Wuyunanthus,0
Celastrales,Celastraceae,Christmannia,0
Celastrales,Celastraceae,Bejuco,0
Celastrales,Celastraceae,Hippocrateoxylon,0
Celastrales,Celastraceae,Thermophila,0
Celastrales,Celastraceae,Melanocarya,0
Fabales,Fabaceae,Plokiostigma,0
Fabales,Fabaceae,Moullava,0
Fabales,Fabaceae,Sclerolobium,0
Fabales,Fabaceae,Lasiobema,0
Fabales,Fabaceae,Phyllocarpus,0
Fabales,Fabaceae,Endertia,0
Fabales,Fabaceae,Pellegriniodendron,0
Fabales,Fabaceae,Leonardendron,0
Fabales,Fabaceae,Oxystigma,0
Fabales,Fabaceae,Hybosema,0
Fabales,Fabaceae,Spartidium,0
Fabales,Fabaceae,Pachecoa,0
Fabales,Fabaceae,Brachypterum,0
Fabales,Fabaceae,Pongamia,0
Fabales,Fabaceae,Glottidium,0
Fabales,Fabaceae,Fagelia,0
Fabales,Fabaceae,Meizotropis,0
Fabales,Fabaceae,Hymenocarpos,0
Fabales,Fabaceae,Baphiastrum,0
Fabales,Fabaceae,Bolusanthus,0
Fabales,Fabaceae,Priestleya,0
Fabales,Fabaceae,Jansonia,0
Fabales,Fabaceae,Serianthes,0
Fabales,Fabaceae,Vexillaria,0
Fabales,Fabaceae,Scorpius,0
Fabales,Fabaceae,Betencourtia,0
Fabales,Fabaceae,Aphora,0
Fabales,Fabaceae,Lupinaster,0
Fabales,Fabaceae,Ormsia,0
Fabales,Fabaceae,Sarothamnus,0
Fabales,Fabaceae,Chorozema,0
Fabales,Fabaceae,Achyronia,0
Fabales,Fabaceae,Mundula,0
Fabales,Fabaceae,Tetragonolobus,0
Fabales,Fabaceae,Verminiaria,0
Fabales,Fabaceae,Pseudosophora,0
Fabales,Fabaceae,Kraunia,0
Fabales,Fabaceae,Hallia,0
Fabales,Fabaceae,Dugandia,0
Fabales,Fabaceae,Chrysoxylon,0
Fabales,Fabaceae,Pterospartum,0
Fabales,Fabaceae,Geoffraea,0
Fabales,Fabaceae,Streblorrhiza,0
Fabales,Fabaceae,Cicercula,0
Fabales,Fabaceae,Belaira,0
Fabales,Fabaceae,Chrysaspis,0
Fabales,Fabaceae,Amoria,0
Fabales,Fabaceae,Coublandia,0
Fabales,Fabaceae,Genistella,0
Fabales,Fabaceae,Zygocarpum,0
Fabales,Fabaceae,Ripasia,0
Fabales,Fabaceae,Ervum,0
Fabales,Fabaceae,Amaria,0
Fabales,Fabaceae,Mimosites,0
Fabales,Fabaceae,Chamaespartium,0
Fabales,Fabaceae,Arthrolobium,0
Fabales,Fabaceae,Diplolobium,0
Fabales,Fabaceae,Craibioxylon,0
Fabales,Fabaceae,Ornithopodium,0
Fabales,Fabaceae,Anurus,0
Fabales,Fabaceae,Paramesus,0
Fabales,Fabaceae,Hemidesmas,0
Fabales,Fabaceae,Tetracheilos,0
Fabales,Fabaceae,Onobruchus,0
Fabales,Fabaceae,Pocillum,0
Fabales,Fabaceae,Thermia,0
Fabales,Fabaceae,Dorychnium,0
Fabales,Fabaceae,Petalvitemon,0
Fabales,Fabaceae,Ortholotus,0
Fabales,Fabaceae,Clavulium,0
Fabales,Fabaceae,Phacites,0
Fabales,Fabaceae,Pterogynoxylon,0
Fabales,Fabaceae,Ceratoniophyllum,0
Fabales,Fabaceae,Oedmannia,0
Fabales,Fabaceae,Epistemum,0
Fabales,Fabaceae,Nubigena,0
Fabales,Fabaceae,Umari,0
Fabales,Fabaceae,Ochreata,0
Fabales,Fabaceae,Enantiophyllites,0
Fabales,Fabaceae,Loxospermum,0
Fabales,Fabaceae,Arthrosprion,0
Fabales,Fabaceae,Mantodda,0
Fabales,Fabaceae,Folianthera,0
Fabales,Fabaceae,Taenioxylon,0
Fabales,Fabaceae,Spatulima,0
Fabales,Fabaceae,Astrophia,0
Fabales,Fabaceae,Ctenodon,0
Fabales,Fabaceae,Duckeophyllum,0
Fabales,Fabaceae,Calycandra,0
Fabales,Fabaceae,Felixia,0
Fabales,Fabaceae,Perlebia,0
Fabales,Fabaceae,Tetrodea,0
Fabales,Fabaceae,Erythrophloeoxylon,0
Fabales,Fabaceae,Sphingium,0
Fabales,Fabaceae,Prosopisinoxylon,0
Fabales,Fabaceae,Leiolobium,0
Fabales,Fabaceae,Hugelroea,0
Fabales,Fabaceae,Panthocarpa,0
Fabales,Fabaceae,Baryosma,0
Fabales,Fabaceae,Brissonia,0
Fabales,Fabaceae,Erebinthus,0
Fabales,Fabaceae,Melilota,0
Fabales,Fabaceae,Fenugraecum,0
Fabales,Fabaceae,Triendilix,0
Fabales,Fabaceae,Anila,0
Fabales,Fabaceae,Binaria,0
Fabales,Fabaceae,Phlebosprium,0
Fabales,Fabaceae,Cryptosema,0
Fabales,Fabaceae,Glottis,0
Fabales,Fabaceae,Dalbergites,0
Fabales,Fabaceae,Pahudioxylon,0
Fabales,Fabaceae,Hormocarpus,0
Fabales,Fabaceae,Menkenia,0
Fabales,Fabaceae,Sellunia,0
Fabales,Fabaceae,Oxycladium,0
Fabales,Fabaceae,Lotea,0
Fabales,Fabaceae,Plagiostigma,0
Fabales,Fabaceae,Pseudo-Acacia,0
Fabales,Fabaceae,Skolemora,0
Fabales,Fabaceae,Nissolius,0
Fabales,Fabaceae,Vulneraria,0
Fabales,Fabaceae,Ailuroschia,0
Fabales,Fabaceae,Siliqua,0
Fabales,Fabaceae,Asacara,0
Fabales,Fabaceae,Lastila,0
Fabales,Fabaceae,Petagnana,0
Fabales,Fabaceae,Amphymenium,0
Fabales,Fabaceae,Ervites,0
Fabales,Fabaceae,Peraltea,0
Fabales,Fabaceae,Scolodia,0
Fabales,Fabaceae,Diplonyx,0
Fabales,Fabaceae,Atossa,0
Fabales,Fabaceae,Bonaga,0
Fabales,Fabaceae,Telinaria,0
Fabales,Fabaceae,Dendrema,0
Fabales,Fabaceae,Leonhardia,0
Fabales,Fabaceae,Zittelia,0
Fabales,Fabaceae,Gleditschiacanthus,0
Fabales,Fabaceae,Stella,0
Fabales,Fabaceae,Trifillum,0
Fabales,Fabaceae,Outea,0
Fabales,Fabaceae,Plaso,0
Fabales,Fabaceae,Palaeolobium,0
Fabales,Fabaceae,Codarium,0
Fabales,Fabaceae,Hypoglottis,0
Fabales,Fabaceae,Kaleniczenkia,0
Fabales,Fabaceae,Anonychium,0
Fabales,Fabaceae,Zaga,0
Fabales,Fabaceae,Paraspalathus,0
Fabales,Fabaceae,Cebipira,0
Fabales,Fabaceae,Icthyoctonum,0
Fabales,Fabaceae,Krokeria,0
Fabales,Fabaceae,Damapana,0
Fabales,Fabaceae,Cochliocarpus,0
Fabales,Fabaceae,Metacacioxylon,0
Fabales,Fabaceae,Isoberlineoxylon,0
Fabales,Fabaceae,Caracalla,0
Fabales,Fabaceae,Cyclomorium,0
Fabales,Fabaceae,Drymospartum,0
Fabales,Fabaceae,Mavia,0
Fabales,Fabaceae,Saltzwedelia,0
Fabales,Fabaceae,Hypechusa,0
Fabales,Fabaceae,Heudusa,0
Fabales,Fabaceae,Nochotta,0
Fabales,Fabaceae,Dolichites,0
Fabales,Fabaceae,Apodynomene,0
Fabales,Fabaceae,Sphaeridiophorum,0
Fabales,Fabaceae,Pericopsoxylon,0
Fabales,Fabaceae,Crepidotropis,0
Fabales,Fabaceae,Caesalpiniodes,0
Fabales,Fabaceae,Melilobus,0
Fabales,Fabaceae,Cytisanthus,0
Fabales,Fabaceae,Cassiana,0
Fabales,Fabaceae,Aeschynomenoxylon,0
Fabales,Fabaceae,Bauhinites,0
Fabales,Fabaceae,Mimosocarpum,0
Fabales,Fabaceae,Euteline,0
Fabales,Fabaceae,Lithoon,0
Fabales,Fabaceae,Nefrakis,0
Fabales,Fabaceae,Clelia,0
Fabales,Fabaceae,Tiemassaxylon,0
Fabales,Fabaceae,Graphiosa,0
Fabales,Fabaceae,Sericandra,0
Fabales,Fabaceae,Vuacapua,0
Fabales,Fabaceae,Hecatandra,0
Fabales,Fabaceae,Westonia,0
Fabales,Fabaceae,Halicacabus,0
Fabales,Fabaceae,Anonis,0
Fabales,Fabaceae,Bootia,0
Fabales,Fabaceae,Metrocynia,0
Fabales,Fabaceae,Fakeloba,0
Fabales,Fabaceae,Lagopus,0
Fabales,Fabaceae,Arillaria,0
Fabales,Fabaceae,Pleuromenes,0
Fabales,Fabaceae,Resupinaria,0
Fabales,Fabaceae,Planarium,0
Fabales,Fabaceae,Gleditsioxylon,0
Fabales,Fabaceae,Hamaria,0
Fabales,Fabaceae,Meibomites,0
Fabales,Fabaceae,Drepilia,0
Fabales,Fabaceae,Tuamina,0
Fabales,Fabaceae,Adenantheroxylon,0
Fabales,Fabaceae,Latyrus,0
Fabales,Fabaceae,Tagera,0
Fabales,Fabaceae,Echinolobium,0
Fabales,Fabaceae,Hippomanica,0
Fabales,Fabaceae,Accorombona,0
Fabales,Fabaceae,Lingoum,0
Fabales,Fabaceae,Acrotaphros,0
Fabales,Fabaceae,Ancylocalyx,0
Fabales,Fabaceae,Craccina,0
Fabales,Fabaceae,Megalotropis,0
Fabales,Fabaceae,Pungamia,0
Fabales,Fabaceae,Lobomon,0
Fabales,Fabaceae,Acidandra,0
Fabales,Fabaceae,Oroba,0
Fabales,Fabaceae,Piptomeris,0
Fabales,Fabaceae,Courbari,0
Fabales,Fabaceae,Ursifolium,0
Fabales,Fabaceae,Botryolotus,0
Fabales,Fabaceae,Cajum,0
Fabales,Fabaceae,Macrocymbium,0
Fabales,Fabaceae,Ludovicia,0
Fabales,Fabaceae,Oxyramphis,0
Fabales,Fabaceae,Tesota,0
Fabales,Fabaceae,Bessia,0
Fabales,Fabaceae,Mistyllus,0
Fabales,Fabaceae,Delaria,0
Fabales,Fabaceae,Millettioxylon,0
Fabales,Fabaceae,Diallosperma,0
Fabales,Fabaceae,Sennia,0
Fabales,Fabaceae,Foenugraecum,0
Fabales,Fabaceae,Ormosioxylon,0
Fabales,Fabaceae,Bauhcis,0
Fabales,Fabaceae,Aporanthus,0
Fabales,Fabaceae,Oustropis,0
Fabales,Fabaceae,Roea,0
Fabales,Fabaceae,Spaendoncea,0
Fabales,Fabaceae,Voglera,0
Fabales,Fabaceae,Meladenia,0
Fabales,Fabaceae,Cymonetra,0
Fabales,Fabaceae,Phyllobotrys,0
Fabales,Fabaceae,Telestria,0
Fabales,Fabaceae,Gajati,0
Fabales,Fabaceae,Clidanthera,0
Fabales,Fabaceae,Cystopora,0
Fabales,Fabaceae,Ceratia,0
Fabales,Fabaceae,Muxiria,0
Fabales,Fabaceae,Pillera,0
Fabales,Fabaceae,Elayuna,0
Fabales,Fabaceae,Triphylloides,0
Fabales,Fabaceae,Nissoloides,0
Fabales,Fabaceae,Chrysocalyx,0
Fabales,Fabaceae,Falcicutis,0
Fabales,Fabaceae,Hoelselia,0
Fabales,Fabaceae,Macroceratides,0
Fabales,Fabaceae,Medicula,0
Fabales,Fabaceae,Sarcophyllus,0
Fabales,Fabaceae,Streptosema,0
Fabales,Fabaceae,Malocchia,0
Fabales,Fabaceae,Nauchea,0
Fabales,Fabaceae,Cottaites,0
Fabales,Fabaceae,Phaseolodes,0
Fabales,Fabaceae,Monoteles,0
Fabales,Fabaceae,Courbaril,0
Fabales,Fabaceae,Syspone,0
Fabales,Fabaceae,Microlespedeza,0
Fabales,Fabaceae,Baguenaudiera,0
Fabales,Fabaceae,Euacacioxylon,0
Fabales,Fabaceae,Mitostax,0
Fabales,Fabaceae,Acropodium,0
Fabales,Fabaceae,Ingenhoussia,0
Fabales,Fabaceae,Dimorpha,0
Fabales,Fabaceae,Crotolaria,0
Fabales,Fabaceae,Sigmodostyles,0
Fabales,Fabaceae,Cryptolobus,0
Fabales,Fabaceae,Myrocarpoxylon,0
Fabales,Fabaceae,Kiesera,0
Fabales,Fabaceae,Cinclidocarpus,0
Fabales,Fabaceae,Colobotus,0
Fabales,Fabaceae,Diotolotus,0
Fabales,Fabaceae,Cercidoxylon,0
Fabales,Fabaceae,Ungerites,0
Fabales,Fabaceae,Hornera,0
Fabales,Fabaceae,Stenotropis,0
Fabales,Fabaceae,Xiphocarpus,0
Fabales,Fabaceae,Rydbergiella,0
Fabales,Fabaceae,Bujacia,0
Fabales,Fabaceae,Desmodophyllum,0
Fabales,Fabaceae,Diplotax,0
Fabales,Fabaceae,Copaiferoxylon,0
Fabales,Fabaceae,Taeniocarpum,0
Fabales,Fabaceae,Salken,0
Fabales,Fabaceae,Iripa,0
Fabales,Fabaceae,Fornasinia,0
Fabales,Fabaceae,Securina,0
Fabales,Fabaceae,Semeionotis,0
Fabales,Fabaceae,Anarthrosyne,0
Fabales,Fabaceae,Milletioxylon,0
Fabales,Fabaceae,Podochrea,0
Fabales,Fabaceae,Jacksonago,0
Fabales,Fabaceae,Bajacalifornioxylon,0
Fabales,Fabaceae,Cuparilla,0
Fabales,Fabaceae,Octelisia,0
Fabales,Fabaceae,Physondra,0
Fabales,Fabaceae,Andiroxylon,0
Fabales,Fabaceae,Flundula,0
Fabales,Fabaceae,Astyposanthes,0
Fabales,Fabaceae,Waldschmidtia,0
Fabales,Fabaceae,Cynometrophyllum,0
Fabales,Fabaceae,Martyia,0
Fabales,Fabaceae,Aulacinthus,0
Fabales,Fabaceae,Pithecodendron,0
Fabales,Fabaceae,Bradlea,0
Fabales,Fabaceae,Dendrospartum,0
Fabales,Fabaceae,Dalbergioxylon,0
Fabales,Fabaceae,Parallosa,0
Fabales,Fabaceae,Poltolobium,0
Fabales,Fabaceae,Cujunia,0
Fabales,Fabaceae,Lygoplis,0
Fabales,Fabaceae,Tricoilendus,0
Fabales,Fabaceae,Coquebertia,0
Fabales,Fabaceae,Xamacrista,0
Fabales,Fabaceae,Trichasma,0
Fabales,Fabaceae,Parvileguminophyllum,0
Fabales,Fabaceae,Cotylelobiopsis,0
Fabales,Fabaceae,Asphalathus,0
Fabales,Fabaceae,Cadelium,0
Fabales,Fabaceae,Mouricou,0
Fabales,Fabaceae,Albizzinium,0
Fabales,Fabaceae,Psilolepus,0
Fabales,Fabaceae,Scorpioides,0
Fabales,Fabaceae,Verzinum,0
Fabales,Fabaceae,Haematoxyllum,0
Fabales,Fabaceae,Spirocarpus,0
Fabales,Fabaceae,Crafordia,0
Fabales,Fabaceae,Bonjeanea,0
Fabales,Fabaceae,Ougenioxylon,0
Fabales,Fabaceae,Selerothamnus,0
Fabales,Fabaceae,Psilorhegma,0
Fabales,Fabaceae,Alopecias,0
Fabales,Fabaceae,Albizzioxylon,0
Fabales,Fabaceae,Allania,0
Fabales,Fabaceae,Navidura,0
Fabales,Fabaceae,Lapasathus,0
Fabales,Fabaceae,Podalyriophyllum,0
Fabales,Fabaceae,Calycotomon,0
Fabales,Fabaceae,Rathkea,0
Fabales,Fabaceae,Sommerfeldtia,0
Fabales,Fabaceae,Discrepoparicutis,0
Fabales,Fabaceae,Diphyllites,0
Fabales,Fabaceae,Heterocarpaea,0
Fabales,Fabaceae,Fichtelites,0
Fabales,Fabaceae,Foenum-Graecum,0
Fabales,Fabaceae,Podiopetalum,0
Fabales,Fabaceae,Chamaecassia,0
Fabales,Fabaceae,Heinzia,0
Fabales,Fabaceae,Machaerites,0
Fabales,Fabaceae,Amarenus,0
Fabales,Fabaceae,Pentaphyllon,0
Fabales,Fabaceae,Lathyroides,0
Fabales,Fabaceae,Ferrum-equinum,0
Fabales,Fabaceae,Triquetra,0
Fabales,Fabaceae,Nictitella,0
Fabales,Fabaceae,Lepidocoma,0
Fabales,Fabaceae,Heteroloma,0
Fabales,Fabaceae,Sertula,0
Fabales,Fabaceae,Gajanus,0
Fabales,Fabaceae,Papilionacea,0
Fabales,Fabaceae,Neltuma,0
Fabales,Fabaceae,Myobroma,0
Fabales,Fabaceae,Xiphostylis,0
Fabales,Fabaceae,Tetrapleuroxylon,0
Fabales,Fabaceae,Pedina,0
Fabales,Fabaceae,Semetor,0
Fabales,Fabaceae,Disterepta,0
Fabales,Fabaceae,Calusia,0
Fabales,Fabaceae,Heterolathus,0
Fabales,Fabaceae,Acouroa,0
Fabales,Fabaceae,Zigmaloba,0
Fabales,Fabaceae,Cansenia,0
Fabales,Fabaceae,Lupularia,0
Fabales,Fabaceae,Protomimosoidea,0
Fabales,Fabaceae,Berlinioxylon,0
Fabales,Fabaceae,Peltophoroxylon,0
Fabales,Fabaceae,Leguminocarpum,0
Fabales,Fabaceae,Cyclas,0
Fabales,Fabaceae,Papilionites,0
Fabales,Fabaceae,Grammocarpus,0
Fabales,Fabaceae,Reineria,0
Fabales,Fabaceae,Tamarindoxylon,0
Fabales,Fabaceae,Acanthobotrya,0
Fabales,Fabaceae,Gumifera,0
Fabales,Fabaceae,Euchilus,0
Fabales,Fabaceae,Podogonium,0
Fabales,Fabaceae,Orobella,0
Fabales,Fabaceae,Dasiogyna,0
Fabales,Fabaceae,Coppoleria,0
Fabales,Fabaceae,Kirchnera,0
Fabales,Fabaceae,Corniola,0
Fabales,Fabaceae,Cajanum,0
Fabales,Fabaceae,Anil,0
Fabales,Fabaceae,Leptidium,0
Fabales,Fabaceae,Mac-Leayia,0
Fabales,Fabaceae,Echinodiscus,0
Fabales,Fabaceae,Clompanus,0
Fabales,Fabaceae,Phusicarpos,0
Fabales,Fabaceae,Pongam,0
Fabales,Fabaceae,Dichrostachyoxylon,0
Fabales,Fabaceae,Cruminium,0
Fabales,Fabaceae,Campecia,0
Fabales,Fabaceae,Mimosoxylon,0
Fabales,Fabaceae,Cassioxylon,0
Fabales,Fabaceae,Eilemanthus,0
Fabales,Fabaceae,Ototropis,0
Fabales,Fabaceae,Liquiritia,0
Fabales,Fabaceae,Kennedynella,0
Fabales,Fabaceae,Capnitis,0
Fabales,Fabaceae,Cynometroxylon,0
Fabales,Fabaceae,Lotodes,0
Fabales,Fabaceae,Polylobium,0
Fabales,Fabaceae,Pycnolobium,0
Fabales,Fabaceae,Acaciaphyllites,0
Fabales,Fabaceae,Swartzioxylon,0
Fabales,Fabaceae,Cochleata,0
Fabales,Fabaceae,Cyanobotrys,0
Fabales,Fabaceae,Miediega,0
Fabales,Fabaceae,Mullaghera,0
Fabales,Fabaceae,Segurola,0
Fabales,Fabaceae,Koompassioxylon,0
Fabales,Fabaceae,Ebenidium,0
Fabales,Fabaceae,Megastegia,0
Fabales,Fabaceae,Feidanthus,0
Fabales,Fabaceae,Endiusa,0
Fabales,Fabaceae,Lotophyllus,0
Fabales,Fabaceae,Clymenum,0
Fabales,Fabaceae,Eburnax,0
Fabales,Fabaceae,Corynitis,0
Fabales,Fabaceae,Diploprion,0
Fabales,Fabaceae,Pogonostigma,0
Fabales,Fabaceae,Negretia,0
Fabales,Fabaceae,Astragaloides,0
Fabales,Fabaceae,Ingoxylon,0
Fabales,Fabaceae,Caesalpinites,0
Fabales,Fabaceae,Ankylobus,0
Fabales,Fabaceae,Polytropia,0
Fabales,Fabaceae,Baphioxylon,0
Fabales,Fabaceae,Radiusia,0
Fabales,Fabaceae,Xypherus,0
Fabales,Fabaceae,Tubocytisus,0
Fabales,Fabaceae,Robinioxylon,0
Fabales,Fabaceae,Avornela,0
Fabales,Fabaceae,Mundubi,0
Fabales,Fabaceae,Russellodendron,0
Fabales,Fabaceae,Amphodus,0
Fabales,Fabaceae,Spadostyles,0
Fabales,Fabaceae,Hymenospron,0
Fabales,Fabaceae,Martia,0
Fabales,Fabaceae,Papilionaceophyllum,0
Fabales,Fabaceae,Boelia,0
Fabales,Fabaceae,Callisemaea,0
Fabales,Fabaceae,Brittonamra,0
Fabales,Fabaceae,Odonia,0
Fabales,Fabaceae,Sebipira,0
Fabales,Fabaceae,Rhynchium,0
Fabales,Fabaceae,Xerophysa,0
Fabales,Fabaceae,Esclerona,0
Fabales,Fabaceae,Phasellus,0
Fabales,Fabaceae,Philamnos,0
Fabales,Fabaceae,Natrix,0
Fabales,Fabaceae,Hoopesia,0
Fabales,Fabaceae,Eriander,0
Fabales,Fabaceae,Falcatula,0
Fabales,Fabaceae,Agastianis,0
Fabales,Fabaceae,Acanthonotus,0
Fabales,Fabaceae,Cacuvallum,0
Fabales,Fabaceae,Phyllomatia,0
Fabales,Fabaceae,Diallobus,0
Fabales,Fabaceae,Tium,0
Fabales,Fabaceae,Schmidites,0
Fabales,Fabaceae,Telis,0
Fabales,Fabaceae,Toludendron,0
Fabales,Fabaceae,Asjogan,0
Fabales,Fabaceae,Asphalthium,0
Fabales,Fabaceae,Macromiscus,0
Fabales,Fabaceae,Hemispadon,0
Fabales,Fabaceae,Astrolobium,0
Fabales,Fabaceae,Pericaulon,0
Fabales,Fabaceae,Callicysthus,0
Fabales,Fabaceae,Malaparius,0
Fabales,Fabaceae,Faboidea,0
Fabales,Fabaceae,Locellaria,0
Fabales,Fabaceae,Macronyx,0
Fabales,Fabaceae,Pseudoberlinia,0
Fabales,Fabaceae,Pedrosia,0
Fabales,Fabaceae,Stachychrysum,0
Fabales,Fabaceae,Arcyphyllum,0
Fabales,Fabaceae,Aedemone,0
Fabales,Fabaceae,Meiemianthera,0
Fabales,Fabaceae,Grona,0
Fabales,Fabaceae,Lucaya,0
Fabales,Fabaceae,Macrolotus,0
Fabales,Fabaceae,Chaenolobium,0
Fabales,Fabaceae,Rhadinocarpus,0
Fabales,Fabaceae,Hidrosia,0
Fabales,Fabaceae,Mohlites,0
Fabales,Fabaceae,Xyphanthus,0
Fabales,Fabaceae,Moutouchi,0
Fabales,Fabaceae,Zenopogon,0
Fabales,Fabaceae,Glandula,0
Fabales,Fabaceae,Isandrina,0
Fabales,Fabaceae,Cassinium,0
Fabales,Fabaceae,Guillandinodes,0
Fabales,Fabaceae,Emelista,0
Fabales,Fabaceae,Lugaion,0
Fabales,Fabaceae,Sensitiva,0
Fabales,Fabaceae,Calycomorphum,0
Fabales,Fabaceae,Aulosema,0
Fabales,Fabaceae,Euilus,0
Fabales,Fabaceae,Astragalina,0
Fabales,Fabaceae,Eaplosia,0
Fabales,Fabaceae,Crotularius,0
Fabales,Fabaceae,Arachus,0
Fabales,Fabaceae,Cynomora,0
Fabales,Fabaceae,Ramirezia,0
Fabales,Fabaceae,Andaca,0
Fabales,Fabaceae,Genista-spartium,0
Fabales,Fabaceae,Trifoliastrum,0
Fabales,Fabaceae,Brachystegioxylon,0
Fabales,Fabaceae,Solulus,0
Fabales,Fabaceae,Indigo,0
Fabales,Fabaceae,Ostryodium,0
Fabales,Fabaceae,Pelecynthis,0
Fabales,Fabaceae,Geolobus,0
Fabales,Fabaceae,Afrazelia,0
Fabales,Fabaceae,Cryphiantha,0
Fabales,Fabaceae,Leguminoxylon,0
Fabales,Fabaceae,Arachidna,0
Fabales,Fabaceae,Singana,0
Fabales,Fabaceae,Sterbeckia,0
Fabales,Fabaceae,Spiroloba,0
Fabales,Fabaceae,Weinreichia,0
Fabales,Fabaceae,Echyrospermum,0
Fabales,Fabaceae,Callotropis,0
Fabales,Fabaceae,Ochrus,0
Fabales,Fabaceae,Leptis,0
Fabales,Fabaceae,Ruteria,0
Fabales,Fabaceae,Huertia,0
Fabales,Fabaceae,Pleurolobus,0
Fabales,Fabaceae,Bipontinia,0
Fabales,Fabaceae,Bauhinium,0
Fabales,Fabaceae,Chloryllis,0
Fabales,Fabaceae,Orectospermum,0
Fabales,Fabaceae,Ibbetsonia,0
Fabales,Fabaceae,Edusaron,0
Fabales,Fabaceae,Catacline,0
Fabales,Fabaceae,Manna,0
Fabales,Fabaceae,Pseudacacia,0
Fabales,Fabaceae,Streptodesmia,0
Fabales,Fabaceae,Hermesias,0
Fabales,Fabaceae,Aulonix,0
Fabales,Fabaceae,Physalobium,0
Fabales,Fabaceae,Toxotropis,0
Fabales,Fabaceae,Cylipogon,0
Fabales,Fabaceae,Barba-jovis,0
Fabales,Fabaceae,Trineuria,0
Fabales,Fabaceae,Pelecinus,0
Fabales,Fabaceae,Mimosaceoxylon,0
Fabales,Fabaceae,Gamochilum,0
Fabales,Fabaceae,Mucunites,0
Fabales,Fabaceae,Pyrrhotrichia,0
Fabales,Fabaceae,Ptychocentrum,0
Fabales,Fabaceae,Eriocarpaea,0
Fabales,Fabaceae,Clypearia,0
Fabales,Fabaceae,Macrosema,0
Fabales,Fabaceae,Afzelioxylon,0
Fabales,Fabaceae,Phyllocytisus,0
Fabales,Fabaceae,Leptocytisus,0
Fabales,Fabaceae,Siliquastrum,0
Fabales,Fabaceae,Mandarus,0
Fabales,Fabaceae,Colutia,0
Fabales,Fabaceae,Cyanospermum,0
Fabales,Fabaceae,Diaxulon,0
Fabales,Fabaceae,Dactiphyllon,0
Fabales,Fabaceae,Adipera,0
Fabales,Fabaceae,Castanocarpus,0
Fabales,Fabaceae,Hegetschweilera,0
Fabales,Fabaceae,Algarobia,0
Fabales,Fabaceae,Monoplectra,0
Fabales,Fabaceae,Vieillardia,0
Fabales,Fabaceae,Glycyrrhizopsis,0
Fabales,Fabaceae,Genistoides,0
Fabales,Fabaceae,Leucopterum,0
Fabales,Fabaceae,Zanthyrsis,0
Fabales,Fabaceae,Wiggersia,0
Fabales,Fabaceae,Panisia,0
Fabales,Fabaceae,Oxydium,0
Fabales,Fabaceae,Dialanthera,0
Fabales,Fabaceae,Microphyton,0
Fabales,Fabaceae,Feracacia,0
Fabales,Fabaceae,Eliasofructus,0
Fabales,Fabaceae,Swantia,0
Fabales,Fabaceae,Abacosa,0
Fabales,Fabaceae,Lipusa,0
Fabales,Fabaceae,Orthotropis,0
Fabales,Fabaceae,Hepteireca,0
Fabales,Fabaceae,Oxypogon,0
Fabales,Fabaceae,Pachyraphea,0
Fabales,Fabaceae,Entrerrioxylon,0
Fabales,Fabaceae,Lacara,0
Fabales,Fabaceae,Perittium,0
Fabales,Fabaceae,Drepaphyla,0
Fabales,Fabaceae,Caulotretus,0
Fabales,Fabaceae,Plagiotropis,0
Fabales,Fabaceae,Triaenodendron,0
Fabales,Fabaceae,Spartianthus,0
Fabales,Fabaceae,Tropitoma,0
Fabales,Polygalaceae,Chithonanthus,0
Fabales,Polygalaceae,Pteromonnina,0
Fabales,Polygalaceae,Hebeandra,0
Fabales,Polygalaceae,Muralta,0
Fabales,Polygalaceae,Pilostaxis,0
Fabales,Polygalaceae,Cryptostomum,0
Fabales,Polygalaceae,Galypola,0
Fabales,Polygalaceae,Rodschiedia,0
Fabales,Polygalaceae,Leptrochia,0
Fabales,Polygalaceae,Pylostachya,0
Fabales,Polygalaceae,Macintyria,0
Fabales,Polygalaceae,Microlophium,0
Fabales,Polygalaceae,Senegaria,0
Fabales,Polygalaceae,Iridisperma,0
Fabales,Polygalaceae,Senega,0
Fabales,Polygalaceae,Paleosecuridaca,0
Fabales,Polygalaceae,Catocoma,0
Fabales,Polygalaceae,Anthallogea,0
Fabales,Polygalaceae,Isolophus,0
Fabales,Polygalaceae,Lophostylis,0
Fabales,Polygalaceae,Brachytropis,0
Fabales,Polygalaceae,Sexilia,0
Fabales,Polygalaceae,Triclisperma,0
Fabales,Polygalaceae,Zoroxus,0
Fabales,Polygalaceae,Tricholophus,0
Fabales,Polygalaceae,Tertria,0
Fabales,Polygalaceae,Stemeiena,0
Fabales,Polygalaceae,Jakkia,0
Fabales,Polygalaceae,Corytholobium,0
Fabales,Polygalaceae,Ixina,0
Fabales,Polygalaceae,Corymbula,0
Fabales,Quillajaceae,Skaphium,0
Cucurbitales,Cucurbitaceae,Zygosicyos,0
Cucurbitales,Cucurbitaceae,Posadaea,0
Cucurbitales,Cucurbitaceae,Anangia,0
Cucurbitales,Cucurbitaceae,Praecitrullus,0
Cucurbitales,Cucurbitaceae,Tricyclandra,0
Cucurbitales,Cucurbitaceae,Odosicyos,0
Cucurbitales,Cucurbitaceae,Chalema,0
Cucurbitales,Cucurbitaceae,Pseudosicydium,0
Cucurbitales,Cucurbitaceae,Selysia,0
Cucurbitales,Cucurbitaceae,Anacaona,0
Cucurbitales,Cucurbitaceae,Bryoniastrum,0
Cucurbitales,Cucurbitaceae,Trichomeriopsis,0
Cucurbitales,Cucurbitaceae,Cucurbitospermum,0
Cucurbitales,Cucurbitaceae,Achmandra,0
Cucurbitales,Begoniaceae,Phialocarpus,0
Cucurbitales,Begoniaceae,Symbegonia,0
Cucurbitales,Datiscaceae,Anictoclea,0
Cucurbitales,Datiscaceae,Tetrameleoxylon,0
Cucurbitales,Datiscaceae,Cannabina,0
Cucurbitales,Coriariaceae,Tricerastes,0
Cucurbitales,Coriariaceae,Heterocladus,0
Cucurbitales,Apodanthaceae,Heterophylleia,0
Cucurbitales,Anisophylleaceae,Merretia,0
Malpighiales,Dichapetalaceae,Trilocularia,0
Malpighiales,Dichapetalaceae,Symphyllanthus,0
Malpighiales,Dichapetalaceae,Stephanella,0
Malpighiales,Dichapetalaceae,Leucosia,0
Malpighiales,Dichapetalaceae,Falya,0
Malpighiales,Dichapetalaceae,Quilesia,0
Malpighiales,Dichapetalaceae,Leucipus,0
Malpighiales,Dichapetalaceae,Dischizolaena,0
Malpighiales,Dichapetalaceae,Plappertia,0
Malpighiales,Linaceae,Moacurra,0
Malpighiales,Linaceae,Linopsis,0
Malpighiales,Linaceae,Numisaureum,0
Malpighiales,Linaceae,Penicillanthemum,0
Malpighiales,Linaceae,Nezera,0
Malpighiales,Linaceae,Decaplatyspermum,0
Malpighiales,Linaceae,Linodes,0
Malpighiales,Linaceae,Brewstera,0
Malpighiales,Linaceae,Wetherellia,0
Malpighiales,Linaceae,Kittelocharis,0
Malpighiales,Linaceae,Morelodendron,0
Malpighiales,Linaceae,Mesynium,0
Malpighiales,Linaceae,Pierotia,0
Malpighiales,Linaceae,Discogyne,0
Malpighiales,Linaceae,Xantholinum,0
Malpighiales,Linaceae,Umbellulanthus,0
Malpighiales,Linaceae,Pentacocca,0
Malpighiales,Linaceae,Macrolinum,0
Malpighiales,Caryocaraceae,Emmenanthus,0
Malpighiales,Violaceae,Acantacaryx,0
Malpighiales,Violaceae,Ionidium,0
Malpighiales,Violaceae,Afrohybanthus,0
Malpighiales,Violaceae,Lophion,0
Malpighiales,Violaceae,Spathularia,0
Malpighiales,Violaceae,Serresia,0
Malpighiales,Violaceae,Solenantha,0
Malpighiales,Violaceae,Solea,0
Malpighiales,Violaceae,Glossarrhen,0
Malpighiales,Violaceae,Prosthesia,0
Malpighiales,Violaceae,Physiphora,0
Malpighiales,Violaceae,Chrysion,0
Malpighiales,Violaceae,Vareca,0
Malpighiales,Violaceae,Perissandra,0
Malpighiales,Violaceae,Spatellaria,0
Malpighiales,Violaceae,Medusa,0
Malpighiales,Violaceae,Exotanthera,0
Malpighiales,Violaceae,Jonidiopsis,0
Malpighiales,Violaceae,Vlamingia,0
Malpighiales,Violaceae,Dischidium,0
Malpighiales,Violaceae,Passoura,0
Malpighiales,Violaceae,Periclistia,0
Malpighiales,Violaceae,Juergensia,0
Malpighiales,Violaceae,Lignonia,0
Malpighiales,Violaceae,Oionychion,0
Malpighiales,Violaceae,Braddleya,0
Malpighiales,Violaceae,Pentaloba,0
Malpighiales,Rhizophoraceae,Ion,0
Malpighiales,Rhizophoraceae,Rhizophoroxylon,0
Malpighiales,Rhizophoraceae,Bruguieria,0
Malpighiales,Rhizophoraceae,Karkandela,0
Malpighiales,Rhizophoraceae,Symmetria,0
Malpighiales,Rhizophoraceae,Gynotrochoxylon,0
Malpighiales,Rhizophoraceae,Rhizophorites,0
Malpighiales,Rhizophoraceae,Tita,0
Malpighiales,Rhizophoraceae,Craterianthus,0
Malpighiales,Rhizophoraceae,Tetracrypta,0
Malpighiales,Rhizophoraceae,Carallioxylon,0
Malpighiales,Rhizophoraceae,Dryptopetalum,0
Malpighiales,Rhizophoraceae,Baraultia,0
Malpighiales,Rhizophoraceae,Mangle,0
Malpighiales,Putranjivaceae,Palaeobruguiera,0
Malpighiales,Elatinaceae,Bergella,0
Malpighiales,Elatinaceae,Willisellus,0
Malpighiales,Elatinaceae,Ilyphilos,0
Malpighiales,Elatinaceae,Birolia,0
Malpighiales,Elatinaceae,Hydropiper,0
Malpighiales,Elatinaceae,Alsinastrum,0
Malpighiales,Elatinaceae,Merimea,0
Malpighiales,Elatinaceae,Rhizium,0
Malpighiales,Elatinaceae,Lancretia,0
Malpighiales,Irvingiaceae,Potamopitys,0
Malpighiales,Euphroniaceae,Irvingella,0
Malpighiales,Rafflesiaceae,Botryocytinus,0
Malpighiales,Rafflesiaceae,Sarna,0
Malpighiales,Rafflesiaceae,Thyrsine,0
Malpighiales,Rafflesiaceae,Frostia,0
Malpighiales,Rafflesiaceae,Richthofenia,0
Malpighiales,Malpighiaceae,Mycetanthe,0
Malpighiales,Malpighiaceae,Carusia,0
Malpighiales,Malpighiaceae,Eoglandulosa,0
Malpighiales,Malpighiaceae,Holopetalon,0
Malpighiales,Malpighiaceae,Banisteriaecarpum,0
Malpighiales,Malpighiaceae,Brachypteris,0
Malpighiales,Malpighiaceae,Vorstia,0
Malpighiales,Malpighiaceae,Hiraeocarpum,0
Malpighiales,Malpighiaceae,Banisteriophyllum,0
Malpighiales,Bonnetiaceae,Fimbriaria,0
Malpighiales,Podostemaceae,Vanroyenella,0
Malpighiales,Podostemaceae,Lonchostephus,0
Malpighiales,Podostemaceae,Tulasneantha,0
Malpighiales,Podostemaceae,Blandowia,0
Malpighiales,Podostemaceae,Maferria,0
Malpighiales,Podostemaceae,Potamobryon,0
Malpighiales,Podostemaceae,Ophioglossites,0
Malpighiales,Podostemaceae,Euhydrobryum,0
Malpighiales,Podostemaceae,Glossophium,0
Malpighiales,Podostemaceae,Nitophyllites,0
Malpighiales,Podostemaceae,Leiocarpodicraea,0
Malpighiales,Podostemaceae,Tristichopsis,0
Malpighiales,Podostemaceae,Hemidistichophyllum,0
Malpighiales,Podostemaceae,Hydroanzia,0
Malpighiales,Podostemaceae,Isothylax,0
Malpighiales,Podostemaceae,Lawiella,0
Malpighiales,Podostemaceae,Podostemonopsis,0
Malpighiales,Podostemaceae,Podostemonites,0
Malpighiales,Podostemaceae,Maffeja,0
Malpighiales,Clusiaceae,Butumia,0
Malpighiales,Clusiaceae,Havetiopsis,0
Malpighiales,Clusiaceae,Petalanisia,0
Malpighiales,Clusiaceae,Euthales,0
Malpighiales,Clusiaceae,Komana,0
Malpighiales,Clusiaceae,Eremosporus,0
Malpighiales,Clusiaceae,Ponna,0
Malpighiales,Clusiaceae,Platorheedia,0
Malpighiales,Clusiaceae,Roscyna,0
Malpighiales,Clusiaceae,Ancistrolobus,0
Malpighiales,Clusiaceae,Tripentas,0
Malpighiales,Clusiaceae,Drosanthe,0
Malpighiales,Clusiaceae,Knifa,0
Malpighiales,Clusiaceae,Balsamaria,0
Malpighiales,Clusiaceae,Chrysopia,0
Malpighiales,Clusiaceae,Apoterium,0
Malpighiales,Clusiaceae,Magostan,0
Malpighiales,Clusiaceae,Clusiaphyllum,0
Malpighiales,Clusiaceae,Cyclandra,0
Malpighiales,Clusiaceae,Birolia,0
Malpighiales,Clusiaceae,Kayeoxylon,0
Malpighiales,Clusiaceae,Campylosporus,0
Malpighiales,Clusiaceae,Terpnophyllum,0
Malpighiales,Clusiaceae,Lipophyllum,0
Malpighiales,Clusiaceae,Nagassari,0
Malpighiales,Clusiaceae,Monoporina,0
Malpighiales,Clusiaceae,Receveura,0
Malpighiales,Clusiaceae,Discostigma,0
Malpighiales,Clusiaceae,Elwertia,0
Malpighiales,Clusiaceae,Drosocarpium,0
Malpighiales,Clusiaceae,Leioclusia,0
Malpighiales,Clusiaceae,Pleurenodon,0
Malpighiales,Clusiaceae,Mammaeites,0
Malpighiales,Clusiaceae,Psorophytum,0
Malpighiales,Clusiaceae,Mammeoxylon,0
Malpighiales,Clusiaceae,Tridia,0
Malpighiales,Clusiaceae,Nagatampo,0
Malpighiales,Clusiaceae,Firkea,0
Malpighiales,Clusiaceae,Architaea,0
Malpighiales,Clusiaceae,Scyphaea,0
Malpighiales,Clusiaceae,Hypericoides,0
Malpighiales,Clusiaceae,Rhinostigma,0
Malpighiales,Clusiaceae,Chloromyron,0
Malpighiales,Clusiaceae,Tovomitidium,0
Malpighiales,Clusiaceae,Lamprophyllum,0
Malpighiales,Clusiaceae,Isophyllum,0
Malpighiales,Clusiaceae,Coddampulli,0
Malpighiales,Clusiaceae,Holosepalum,0
Malpighiales,Clusiaceae,Campylopelma,0
Malpighiales,Clusiaceae,Mesuoxylon,0
Malpighiales,Clusiaceae,Norysca,0
Malpighiales,Clusiaceae,Spachelodes,0
Malpighiales,Clusiaceae,Martia,0
Malpighiales,Clusiaceae,Blakstonia,0
Malpighiales,Clusiaceae,Episiphis,0
Malpighiales,Clusiaceae,Plagiorrhiza,0
Malpighiales,Clusiaceae,Streptalon,0
Malpighiales,Clusiaceae,Eremanthe,0
Malpighiales,Clusiaceae,Cahota,0
Malpighiales,Clusiaceae,Calaba,0
Malpighiales,Clusiaceae,Mamei,0
Malpighiales,Clusiaceae,Potamocharis,0
Malpighiales,Clusiaceae,Icostegia,0
Malpighiales,Clusiaceae,Aneuriscus,0
Malpighiales,Clusiaceae,Myriandra,0
Malpighiales,Clusiaceae,Brathys,0
Malpighiales,Clusiaceae,Calophylloxylon,0
Malpighiales,Clusiaceae,Adenosepalum,0
Malpighiales,Clusiaceae,Garcinioxylon,0
Malpighiales,Clusiaceae,Crookea,0
Malpighiales,Clusiaceae,Hebradendron,0
Malpighiales,Clusiaceae,Paleoclusia,0
Malpighiales,Clusiaceae,Xanthe,0
Malpighiales,Clusiaceae,Biwaldia,0
Malpighiales,Erythroxylaceae,Indocarpa,0
Malpighiales,Picrodendraceae,Steudelia,0
Malpighiales,Achariaceae,Canaca,0
Malpighiales,Achariaceae,Phylloclinium,0
Malpighiales,Chrysobalanaceae,Angelesia,0
Malpighiales,Chrysobalanaceae,Trichocarya,0
Malpighiales,Chrysobalanaceae,Grymania,0
Malpighiales,Lophopyxidaceae,Thelira,0
Malpighiales,Euphorbiaceae,Pleradenophora,0
Malpighiales,Euphorbiaceae,Cordemoya,0
Malpighiales,Euphorbiaceae,Deuteromallotus,0
Malpighiales,Euphorbiaceae,Oxydectes,0
Malpighiales,Euphorbiaceae,Gelonium,0
Malpighiales,Euphorbiaceae,Stilingia,0
Malpighiales,Euphorbiaceae,Quadrasia,0
Malpighiales,Euphorbiaceae,Parapantadenia,0
Malpighiales,Euphorbiaceae,Myladenia,0
Malpighiales,Euphorbiaceae,Doryxylon,0
Malpighiales,Euphorbiaceae,Phyllanthinium,0
Malpighiales,Euphorbiaceae,Alchorneites,0
Malpighiales,Euphorbiaceae,Alchorneaephyllum,0
Malpighiales,Euphorbiaceae,Bischofioxylon,0
Malpighiales,Euphorbiaceae,Schubea,0
Malpighiales,Euphorbiaceae,Euphorbiospermum,0
Malpighiales,Euphorbiaceae,Macarangaephyllum,0
Malpighiales,Euphorbiaceae,Omphaleaephyllum,0
Malpighiales,Euphorbiaceae,Phyllanthidea,0
Malpighiales,Euphorbiaceae,Securinegoxylon,0
Malpighiales,Euphorbiaceae,Crotonophyllum,0
Malpighiales,Euphorbiaceae,Manihotites,0
Malpighiales,Euphorbiaceae,Palaeowetherellia,0
Malpighiales,Euphorbiaceae,Donzellia,0
Malpighiales,Euphorbiaceae,Tirucalia,0
Malpighiales,Euphorbiaceae,Aleuriteophyllum,0
Malpighiales,Euphorbiaceae,Euphorbioxylon,0
Malpighiales,Euphorbiaceae,Putranjivoxylon,0
Malpighiales,Euphorbiaceae,Euphorbiophloios,0
Malpighiales,Euphorbiaceae,Pseudolachnostyloxylon,0
Malpighiales,Euphorbiaceae,Thelypetalum,0
Malpighiales,Euphorbiaceae,Aleuritoxylon,0
Malpighiales,Euphorbiaceae,Agrostistachyophyllum,0
Malpighiales,Euphorbiaceae,Xylophyllites,0
Malpighiales,Euphorbiaceae,Steigera,0
Malpighiales,Euphorbiaceae,Loerzingia,0
Malpighiales,Euphorbiaceae,Euphorbiofolium,0
Malpighiales,Euphorbiaceae,Micranthea,0
Malpighiales,Euphorbiaceae,Telephioides,0
Malpighiales,Euphorbiaceae,Euphorbiocarpon,0
Malpighiales,Euphorbiaceae,Iatropha,0
Malpighiales,Euphorbiaceae,Piranheoxylon,0
Malpighiales,Euphorbiaceae,Codiaeophyllum,0
Malpighiales,Euphorbiaceae,Lepidanthus,0
Malpighiales,Euphorbiaceae,Baliospermophyllum,0
Malpighiales,Euphorbiaceae,Euphorbocarpum,0
Malpighiales,Euphorbiaceae,Cupamenis,0
Malpighiales,Euphorbiaceae,Mallotophyllum,0
Malpighiales,Euphorbiaceae,Cunuria,0
Malpighiales,Euphorbiaceae,Heptanis,0
Malpighiales,Euphorbiaceae,Glochidioxylon,0
Malpighiales,Euphorbiaceae,Cetrandra,0
Malpighiales,Euphorbiaceae,Neoscortechia,0
Malpighiales,Euphorbiaceae,Mallotoxylon,0
Malpighiales,Euphorbiaceae,Bischofinium,0
Malpighiales,Euphorbiaceae,Phyllanthoideoxylon,0
Malpighiales,Euphorbiaceae,Baloghiaephyllum,0
Malpighiales,Euphorbiaceae,Heveoxylon,0
Malpighiales,Euphorbiaceae,Combretopsis,0
Malpighiales,Euphorbiaceae,Calypteriopetalum,0
Malpighiales,Euphorbiaceae,Bruxanellia,0
Malpighiales,Trigoniaceae,Kunstlera,0
Malpighiales,Trigoniaceae,Trigoniodendron,0
Malpighiales,Ixonanthaceae,Mainea,0
Malpighiales,Centroplacaceae,Lacistemopsis,0
Malpighiales,Humiriaceae,Aubrya,0
Malpighiales,Humiriaceae,Myrodendrum,0
Malpighiales,Humiriaceae,Lemniscia,0
Malpighiales,Phyllanthaceae,Wernisekia,0
Malpighiales,Phyllanthaceae,Petalodiscus,0
Malpighiales,Phyllanthaceae,Blotia,0
Malpighiales,Phyllanthaceae,Phyllanthopsis,0
Malpighiales,Phyllanthaceae,Reverchonia,0
Malpighiales,Phyllanthaceae,Archileptopus,0
Malpighiales,Phyllanthaceae,Richeriella,0
Malpighiales,Passifloraceae,Jaracatia,0
Malpighiales,Passifloraceae,Tribolacis,0
Malpighiales,Passifloraceae,Triacis,0
Malpighiales,Passifloraceae,Distephana,0
Malpighiales,Passifloraceae,Synactila,0
Malpighiales,Passifloraceae,Macrophora,0
Malpighiales,Passifloraceae,Odostelma,0
Malpighiales,Passifloraceae,Erndelia,0
Malpighiales,Passifloraceae,Lortetia,0
Malpighiales,Passifloraceae,Bohadschia,0
Malpighiales,Passifloraceae,Murucuia,0
Malpighiales,Passifloraceae,Burghartia,0
Malpighiales,Passifloraceae,Meioperis,0
Malpighiales,Passifloraceae,Pumilea,0
Malpighiales,Passifloraceae,Peremis,0
Malpighiales,Passifloraceae,Passifloraephyllum,0
Malpighiales,Passifloraceae,Xerogona,0
Malpighiales,Passifloraceae,Pericodia,0
Malpighiales,Ochnaceae,Blephistelma,0
Malpighiales,Ochnaceae,Discladium,0
Malpighiales,Ochnaceae,Cespedesia,0
Malpighiales,Ochnaceae,Trichouratea,0
Malpighiales,Ochnaceae,Rutidanthera,0
Malpighiales,Ochnaceae,Polyouratea,0
Malpighiales,Ochnaceae,Walkera,0
Malpighiales,Ochnaceae,Heteroporidium,0
Malpighiales,Ochnaceae,Diouratea,0
Malpighiales,Ochnaceae,Diphyllanthus,0
Malpighiales,Ochnaceae,Monoporidium,0
Malpighiales,Ochnaceae,Pentochna,0
Malpighiales,Ochnaceae,Iron,0
Malpighiales,Ochnaceae,Polythecanthum,0
Malpighiales,Ochnaceae,Diphyllopodium,0
Malpighiales,Ochnaceae,Plicouratea,0
Malpighiales,Ochnaceae,Proboscella,0
Malpighiales,Ochnaceae,Notochnella,0
Malpighiales,Ochnaceae,Wolkensteinia,0
Malpighiales,Ochnaceae,Notouratea,0
Malpighiales,Ochnaceae,Exomicrum,0
Malpighiales,Ochnaceae,Dasouratea,0
Malpighiales,Ochnaceae,Biramella,0
Malpighiales,Ochnaceae,Notocampylum,0
Malpighiales,Ochnaceae,Pleopetalum,0
Malpighiales,Ochnaceae,Ancouratea,0
Malpighiales,Ochnaceae,Jabotapita,0
Malpighiales,Ochnaceae,Bisetaria,0
Malpighiales,Ochnaceae,Villouratea,0
Malpighiales,Ochnaceae,Monelasmum,0
Malpighiales,Ochnaceae,Pleodiporochna,0
Malpighiales,Ochnaceae,Microuratea,0
Malpighiales,Ochnaceae,Spongopyrena,0
Malpighiales,Ochnaceae,Isouratea,0
Malpighiales,Ochnaceae,Cercouratea,0
Malpighiales,Ochnaceae,Porochna,0
Malpighiales,Ochnaceae,Philomeda,0
Malpighiales,Ochnaceae,Cercinia,0
Malpighiales,Ochnaceae,Sauvagea,0
Malpighiales,Ochnaceae,Polyochnella,0
Malpighiales,Ochnaceae,Diporochna,0
Malpighiales,Ochnaceae,Pilouratea,0
Malpighiales,Ochnaceae,Campylopora,0
Malpighiales,Ochnaceae,Pleouratea,0
Malpighiales,Ochnaceae,Tetrouratea,0
Malpighiales,Ochnaceae,Rhabdophyllites,0
Malpighiales,Ochnaceae,Stenouratea,0
Malpighiales,Ochnaceae,Macrodendron,0
Malpighiales,Ochnaceae,Cercanthemum,0
Malpighiales,Ochnaceae,Ouratella,0
Malpighiales,Ochnaceae,Campylocercum,0
Malpighiales,Ochnaceae,Gymnouratella,0
Malpighiales,Ochnaceae,Ochnella,0
Malpighiales,Salicaceae,Hemiouratea,0
Malpighiales,Salicaceae,Macrothumia,0
Malpighiales,Salicaceae,Priamosia,0
Malpighiales,Salicaceae,Phyllobotryon,0
Malpighiales,Salicaceae,Aphaerema,0
Malpighiales,Salicaceae,Neumannia,0
Malpighiales,Salicaceae,Blakwellia,0
Malpighiales,Salicaceae,Henningsocarpum,0
Malpighiales,Salicaceae,Melanix,0
Malpighiales,Salicaceae,Aspidandra,0
Malpighiales,Salicaceae,Chalebus,0
Malpighiales,Salicaceae,Amerix,0
Malpighiales,Salicaceae,Pitumba,0
Malpighiales,Salicaceae,Monandrodendron,0
Malpighiales,Salicaceae,Buelowia,0
Malpighiales,Salicaceae,Synzyganthera,0
Malpighiales,Salicaceae,Ripselaxis,0
Malpighiales,Salicaceae,Boca,0
Malpighiales,Salicaceae,Xyladenius,0
Malpighiales,Salicaceae,Biggina,0
Malpighiales,Salicaceae,Azaraea,0
Malpighiales,Salicaceae,Salicoxylon,0
Malpighiales,Salicaceae,Mesterna,0
Malpighiales,Salicaceae,Patrisa,0
Malpighiales,Salicaceae,Leuce,0
Malpighiales,Salicaceae,Chaulmoogra,0
Malpighiales,Salicaceae,Antigona,0
Malpighiales,Salicaceae,Rhyparia,0
Malpighiales,Salicaceae,Polycarpa,0
Malpighiales,Salicaceae,Monospora,0
Malpighiales,Salicaceae,Pseudosalix,0
Malpighiales,Salicaceae,Populites,0
Malpighiales,Salicaceae,Trichodia,0
Malpighiales,Salicaceae,Rhamnicastrum,0
Malpighiales,Salicaceae,Populocaulis,0
Malpighiales,Salicaceae,Salicinium,0
Malpighiales,Salicaceae,Crateria,0
Malpighiales,Salicaceae,Melistaurum,0
Malpighiales,Salicaceae,Eriudaphus,0
Malpighiales,Salicaceae,Moelleria,0
Malpighiales,Salicaceae,Apactis,0
Malpighiales,Salicaceae,Bedusia,0
Malpighiales,Salicaceae,Salicinoxylon,0
Malpighiales,Salicaceae,Nestylix,0
Malpighiales,Salicaceae,Myriantheia,0
Malpighiales,Salicaceae,Tsavo,0
Malpighiales,Salicaceae,Anetia,0
Malpighiales,Salicaceae,Octima,0
Malpighiales,Salicaceae,Urnectis,0
Malpighiales,Salicaceae,Opodix,0
Malpighiales,Salicaceae,Centroplacophyllum,0
Malpighiales,Salicaceae,Racoubea,0
Malpighiales,Salicaceae,Turanga,0
Malpighiales,Salicaceae,Chamitea,0
Malpighiales,Salicaceae,Oncobocarpum,0
Malpighiales,Salicaceae,Saliciphyllum,0
Malpighiales,Salicaceae,Utkholokia,0
Malpighiales,Salicaceae,Myriotriche,0
Malpighiales,Salicaceae,Vetrix,0
Malpighiales,Salicaceae,Pythagorea,0
Malpighiales,Salicaceae,Diplopia,0
Malpighiales,Salicaceae,Disynia,0
Malpighiales,Salicaceae,Populoxylon,0
Malpighiales,Salicaceae,Oncobella,0
Malpighiales,Salicaceae,Trilix,0
Malpighiales,Salicaceae,Usionis,0
Malpighiales,Salicaceae,Pangioxylon,0
Malpighiales,Salicaceae,Iroucana,0
Malpighiales,Salicaceae,Nectusion,0
Malpighiales,Salicaceae,Tacamahaca,0
Malpighiales,Salicaceae,Psatherips,0
Malpighiales,Salicaceae,Argorips,0
Malpighiales,Salicaceae,Chlanis,0
Malpighiales,Salicaceae,Christannia,0
Malpighiales,Salicaceae,Tardiella,0
Malpighiales,Salicaceae,Napimoga,0
Malpighiales,Salicaceae,Diamarips,0
Malpighiales,Salicaceae,Homalioxylon,0
Malpighiales,Salicaceae,Erythrospermophyllum,0
Malpighiales,Salicaceae,Scolopiaephyllum,0
Malpighiales,Salicaceae,Mauneia,0
Malpighiales,Salicaceae,Renardia,0
Malpighiales,Salicaceae,Tattia,0
Malpighiales,Salicaceae,Oisodix,0
Malpighiales,Salicaceae,Vareca,0
Malpighiales,Salicaceae,Trimeriaephyllum,0
Malpighiales,Salicaceae,Didymandra,0
Malpighiales,Salicaceae,Diplima,0
Malpighiales,Salicaceae,Valentinia,0
Malpighiales,Salicaceae,Telesmia,0
Malpighiales,Salicaceae,Stachycrater,0
Malpighiales,Salicaceae,Thiebaudia,0
Malpighiales,Salicaceae,Chetocrater,0
Malpighiales,Salicaceae,Licopolia,0
Malpighiales,Salicaceae,Dasianthera,0
Malpighiales,Salicaceae,Thiodia,0
Malpighiales,Salicaceae,Dryoxylon,0
Malpighiales,Salicaceae,Monilistus,0
Malpighiales,Salicaceae,Sadymia,0
Malpighiales,Salicaceae,Nectopix,0
Malpighiales,Salicaceae,Vimen,0
Malpighiales,Salicaceae,Aphloioxylon,0
Malpighiales,Salicaceae,Diplusion,0
Malpighiales,Salicaceae,Aherniaephyllum,0
Malpighiales,Salicaceae,Marottia,0
Malpighiales,Salicaceae,Langleia,0
Malpighiales,Salicaceae,Caseariaephyllum,0
Malpighiales,Salicaceae,Nematospermum,0
Malpighiales,Salicaceae,Hydnocarpoxylon,0
Malpighiales,Salicaceae,Ripsoctis,0
Malpighiales,Salicaceae,Sokolofia,0
Malpighiales,Salicaceae,Lagunezia,0
Malpighiales,Salicaceae,Hydnocarpophyllum,0
Malpighiales,Pandaceae,Tremula,0
Malpighiales,Pandaceae,Worcesterianthus,0
Fagales,Casuarinaceae,Casuarinites,0
Fagales,Casuarinaceae,Casuaroxylon,0
Fagales,Juglandaceae,Cryptostomiforma,0
Fagales,Juglandaceae,Alfaropsis,0
Fagales,Juglandaceae,Eucaryoxylon,0
Fagales,Juglandaceae,Vinea,0
Fagales,Juglandaceae,Caryojuglans,0
Fagales,Juglandaceae,Juglandoxylon,0
Fagales,Juglandaceae,Eokachyra,0
Fagales,Juglandaceae,Pugetia,0
Fagales,Juglandaceae,Juglandinium,0
Fagales,Juglandaceae,Paraoreomunnea,0
Fagales,Juglandaceae,Juglandites,0
Fagales,Juglandaceae,Jugloxylon,0
Fagales,Juglandaceae,Fortunaea,0
Fagales,Juglandaceae,Paleooreomunnea,0
Fagales,Juglandaceae,Eoengelhardia,0
Fagales,Juglandaceae,Caryojuglandoxylon,0
Fagales,Juglandaceae,Juglandiphyllum,0
Fagales,Juglandaceae,Oreoroa,0
Fagales,Juglandaceae,Beardia,0
Fagales,Juglandaceae,Pterocaryopsis,0
Fagales,Juglandaceae,Aspidicutis,0
Fagales,Juglandaceae,Paraengelhardtia,0
Fagales,Juglandaceae,Pseudoengelhardtia,0
Fagales,Juglandaceae,Palaeocarya,0
Fagales,Juglandaceae,Rhysocaryoxylon,0
Fagales,Juglandaceae,Mirbellites,0
Fagales,Juglandaceae,Nux,0
Fagales,Juglandaceae,Casholdia,0
Fagales,Juglandaceae,Antweileria,0
Fagales,Myricaceae,Pterocaryoxylon,0
Fagales,Myricaceae,Pelticutis,0
Fagales,Myricaceae,Myricanthium,0
Fagales,Myricaceae,Myricoxylon,0
Fagales,Myricaceae,Cerothamnus,0
Fagales,Myricaceae,Angeia,0
Fagales,Myricaceae,Myriciphyllum,0
Fagales,Myricaceae,Carpinicarpus,0
Fagales,Myricaceae,Cerophora,0
Fagales,Myricaceae,Fayana,0
Fagales,Betulaceae,Myricophyllum,0
Fagales,Betulaceae,Betuliphyllum,0
Fagales,Betulaceae,Kardiasperma,0
Fagales,Betulaceae,Coryloxylon,0
Fagales,Betulaceae,Cremastogyne,0
Fagales,Betulaceae,Tubela,0
Fagales,Betulaceae,Fagites,0
Fagales,Betulaceae,Betuloxylon,0
Fagales,Betulaceae,Semidopsis,0
Fagales,Betulaceae,Paracarpinus,0
Fagales,Betulaceae,Rhizoalnoxylon,0
Fagales,Betulaceae,Betulites,0
Fagales,Betulaceae,Eucarpinoxylon,0
Fagales,Betulaceae,Apterocaryon,0
Fagales,Betulaceae,Craspedodromophyllum,0
Fagales,Betulaceae,Alnites,0
Fagales,Betulaceae,Coryloides,0
Fagales,Betulaceae,Asterocarpinus,0
Fagales,Betulaceae,Chamaebetula,0
Fagales,Betulaceae,Corylocarpinus,0
Fagales,Ticodendraceae,Betulaster,0
Fagales,Fagaceae,Balanaulax,0
Fagales,Fagaceae,Arcaula,0
Fagales,Fagaceae,Kuromatea,0
Fagales,Fagaceae,Corylopasania,0
Fagales,Fagaceae,Castaneoides,0
Fagales,Fagaceae,Amentoplexipollenites,0
Fagales,Fagaceae,Paraquercinium,0
Fagales,Fagaceae,Scolodrys,0
Fagales,Fagaceae,Kloedenia,0
Fagales,Fagaceae,Perytis,0
Fagales,Fagaceae,Macrobalanus,0
Fagales,Fagaceae,Eotrigonobalanus,0
Fagales,Fagaceae,Fagaceoxylon,0
Fagales,Fagaceae,Fagoxylon,0
Fagales,Fagaceae,Trigobalanoidea,0
Fagales,Fagaceae,Berryophyllum,0
Fagales,Fagaceae,Eriodrys,0
Fagales,Fagaceae,Chlamydobalanus,0
Fagales,Fagaceae,Contracuparius,0
Fagales,Fagaceae,Castaneoidea,0
Fagales,Fagaceae,Suber,0
Fagales,Fagaceae,Limlia,0
Fagales,Fagaceae,Quercites,0
Fagales,Fagaceae,Dryobalanus,0
Fagales,Fagaceae,Castanoxylon,0
Fagales,Fagaceae,Parafagus,0
Fagales,Fagaceae,Balanoplis,0
Fagales,Fagaceae,Carpinites,0
Fagales,Fagaceae,Castaneophyllum,0
Fagales,Fagaceae,Quercoxylon,0
Fagales,Fagaceae,Fagaster,0
Fagales,Fagaceae,Cascadiacarpa,0
Zygophyllales,Zygophyllaceae,Sisyndite,0
Zygophyllales,Zygophyllaceae,Harmala,0
Zygophyllales,Zygophyllaceae,Zygophyllocarpum,0
Zygophyllales,Zygophyllaceae,Balanitocarpum,0
Zygophyllales,Zygophyllaceae,Bisluederitzia,0
Zygophyllales,Zygophyllaceae,Celsa,0
Zygophyllales,Zygophyllaceae,Guaiacon,0
Zygophyllales,Zygophyllaceae,Heterozygia,0
Zygophyllales,Zygophyllaceae,Bubulcia,0
Zygophyllales,Zygophyllaceae,Guajacites,0
Zygophyllales,Zygophyllaceae,Agiella,0
Zygophyllales,Krameriaceae,Fabago,0
Rosales,Cannabaceae,Dimenops,0
Rosales,Dirachmaceae,Humulopsis,0
Rosales,Moraceae,Castilloa,0
Rosales,Moraceae,Toxylon,0
Rosales,Moraceae,Ovicarpum,0
Rosales,Moraceae,Sukaminea,0
Rosales,Moraceae,Rademachia,0
Rosales,Moraceae,Artocarpoides,0
Rosales,Moraceae,Ficoxylon,0
Rosales,Moraceae,Albrandia,0
Rosales,Moraceae,Greeneina,0
Rosales,Moraceae,Protoficus,0
Rosales,Moraceae,Arthmiocarpus,0
Rosales,Moraceae,Artocarpoxylon,0
Rosales,Moraceae,Saccus,0
Rosales,Moraceae,Becktonia,0
Rosales,Moraceae,Moroxylon,0
Rosales,Moraceae,Ficofolium,0
Rosales,Rosaceae,Moroidea,0
Rosales,Rosaceae,Sibbaldiopsis,0
Rosales,Rosaceae,Schistophyllidium,0
Rosales,Rosaceae,Piletophyllum,0
Rosales,Rosaceae,Fragariastrum,0
Rosales,Rosaceae,Chionice,0
Rosales,Rosaceae,Comarella,0
Rosales,Rosaceae,Cylastis,0
Rosales,Rosaceae,Melanobatus,0
Rosales,Rosaceae,Ozanonia,0
Rosales,Rosaceae,Rhodopsis,0
Rosales,Rosaceae,Novosieversia,0
Rosales,Rosaceae,Erythrocoma,0
Rosales,Rosaceae,Acomastylis,0
Rosales,Rosaceae,Oncostylus,0
Rosales,Rosaceae,Adamsia,0
Rosales,Rosaceae,Cusso,0
Rosales,Rosaceae,Sarcopoterium,0
Rosales,Rosaceae,Quinasis,0
Rosales,Rosaceae,Stephanandra,0
Rosales,Rosaceae,Digaster,0
Rosales,Rosaceae,Polydontia,0
Rosales,Rosaceae,Pseudocydonia,0
Rosales,Rosaceae,Adenorachis,0
Rosales,Rosaceae,Aria,0
Rosales,Rosaceae,Bollwilleria,0
Rosales,Rosaceae,Batidea,0
Rosales,Rosaceae,Polypetalia,0
Rosales,Rosaceae,Pirus,0
Rosales,Rosaceae,Pyrocydonia,0
Rosales,Rosaceae,Cydolus,0
Rosales,Rosaceae,Pyronia,0
Rosales,Rosaceae,Sorbopyrus,0
Rosales,Rosaceae,Sorbocotoneaster,0
Rosales,Rosaceae,Amelasorbus,0
Rosales,Rosaceae,Pyralus,0
Rosales,Rosaceae,Crataegosorbus,0
Rosales,Rosaceae,Pentaphylloides,0
Rosales,Rosaceae,Pyracomeles,0
Rosales,Rosaceae,Crataegomespilus,0
Rosales,Rosaceae,Crataemespilus,0
Rosales,Rosaceae,+Crataegomespilus,0
Rosales,Rosaceae,Bakeria,0
Rosales,Rosaceae,Figaraea,0
Rosales,Rosaceae,Apopetalum,0
Rosales,Rosaceae,Azarolus,0
Rosales,Rosaceae,Lyonothamnoxylon,0
Rosales,Rosaceae,Macrostigma,0
Rosales,Rosaceae,Timbalia,0
Rosales,Rosaceae,Anthomeles,0
Rosales,Rosaceae,Xeromalon,0
Rosales,Rosaceae,Prunites,0
Rosales,Rosaceae,Icotorus,0
Rosales,Rosaceae,Fraga,0
Rosales,Rosaceae,Pruninium,0
Rosales,Rosaceae,Dodecadia,0
Rosales,Rosaceae,Chimanthus,0
Rosales,Rosaceae,Prunopsis,0
Rosales,Rosaceae,Thecanisia,0
Rosales,Rosaceae,Ampomele,0
Rosales,Rosaceae,Rosaceaeoxylon,0
Rosales,Rosaceae,Coelas,0
Rosales,Rosaceae,Crataegites,0
Rosales,Rosaceae,Torminaria,0
Rosales,Rosaceae,Ostinia,0
Rosales,Rosaceae,Ernestella,0
Rosales,Rosaceae,Genevieria,0
Rosales,Rosaceae,Oreobatus,0
Rosales,Rosaceae,Gymnomeles,0
Rosales,Rosaceae,Polystorthia,0
Rosales,Rosaceae,Orospodias,0
Rosales,Rosaceae,Monographidium,0
Rosales,Rosaceae,Ptilotum,0
Rosales,Rosaceae,Percepier,0
Rosales,Rosaceae,Platyrhodon,0
Rosales,Rosaceae,Calyctenium,0
Rosales,Rosaceae,Turetta,0
Rosales,Rosaceae,Pseudochaenomeles,0
Rosales,Rosaceae,Sorbites,0
Rosales,Rosaceae,Adenilema,0
Rosales,Rosaceae,Smegmadermos,0
Rosales,Rosaceae,Pleiosorbus,0
Rosales,Rosaceae,Phalacros,0
Rosales,Rosaceae,Lowea,0
Rosales,Rosaceae,Stypostylis,0
Rosales,Rosaceae,Archimalus,0
Rosales,Rosaceae,Gymnopyrenum,0
Rosales,Rosaceae,Chloromeles,0
Rosales,Rosaceae,Idaeobatus,0
Rosales,Rosaceae,Aucuparia,0
Rosales,Rosaceae,Sorbariopsis,0
Rosales,Rosaceae,Epicostorus,0
Rosales,Rosaceae,Neuras,0
Rosales,Rosaceae,Pruniphyllum,0
Rosales,Rosaceae,Kunzia,0
Rosales,Rosaceae,Physocarpites,0
Rosales,Rosaceae,Cardiobatus,0
Rosales,Rosaceae,Rosoxylon,0
Rosales,Rosaceae,Gymnopyrenium,0
Rosales,Rosaceae,Jussiea,0
Rosales,Rosaceae,Basilima,0
Rosales,Rosaceae,Geopatera,0
Rosales,Rosaceae,Dendropoterium,0
Rosales,Rosaceae,Ametron,0
Rosales,Rosaceae,Streptilon,0
Rosales,Rosaceae,Quinquefolium,0
Rosales,Rosaceae,Cotonea,0
Rosales,Rosaceae,Aflatunia,0
Rosales,Rosaceae,Microcerasus,0
Rosales,Rosaceae,Dryadaea,0
Rosales,Rosaceae,Tubopadus,0
Rosales,Rosaceae,Myriomeles,0
Rosales,Rosaceae,Amelanchites,0
Rosales,Rosaceae,Potentillopsis,0
Rosales,Rosaceae,+Pirocydonia,0
Rosales,Rosaceae,Rubacer,0
Rosales,Rosaceae,Chamaemorus,0
Rosales,Rosaceae,Pyrenia,0
Rosales,Rosaceae,Saintpierrea,0
Rosales,Rosaceae,Louiseania,0
Rosales,Rosaceae,Paleorosa,0
Rosales,Rosaceae,Awayus,0
Rosales,Rosaceae,Comocarpa,0
Rosales,Rosaceae,Juzepczukia,0
Rosales,Rosaceae,Drimopogon,0
Rosales,Rosaceae,Maloidoxylon,0
Rosales,Rhamnaceae,Parinarioxylon,0
Rosales,Rhamnaceae,Chacaya,0
Rosales,Rhamnaceae,Jububa,0
Rosales,Rhamnaceae,Alaternoides,0
Rosales,Rhamnaceae,Lithoplis,0
Rosales,Rhamnaceae,Scypharia,0
Rosales,Rhamnaceae,Sciadophila,0
Rosales,Rhamnaceae,Rhamnobrina,0
Rosales,Rhamnaceae,Marcorella,0
Rosales,Rhamnaceae,Stenodiscus,0
Rosales,Rhamnaceae,Mansana,0
Rosales,Rhamnaceae,Petalopogon,0
Rosales,Rhamnaceae,Paliurinella,0
Rosales,Rhamnaceae,Cardiolepis,0
Rosales,Rhamnaceae,Rhamnospermum,0
Rosales,Rhamnaceae,Cervispina,0
Rosales,Rhamnaceae,Calophylica,0
Rosales,Rhamnaceae,Paliurites,0
Rosales,Rhamnaceae,Blepetalon,0
Rosales,Rhamnaceae,Hoveniphyllum,0
Rosales,Rhamnaceae,Tetrapasma,0
Rosales,Rhamnaceae,Perfonon,0
Rosales,Rhamnaceae,Retinaria,0
Rosales,Rhamnaceae,Diplisca,0
Rosales,Rhamnaceae,Atulandra,0
Rosales,Rhamnaceae,Endotropis,0
Rosales,Rhamnaceae,Ampeloplis,0
Rosales,Rhamnaceae,Coahuilanthus,0
Rosales,Rhamnaceae,Tubanthera,0
Rosales,Rhamnaceae,Forgeruxia,0
Rosales,Rhamnaceae,Johnstonia,0
Rosales,Rhamnaceae,Afarca,0
Rosales,Rhamnaceae,Tzellemtina,0
Rosales,Rhamnaceae,Soulangia,0
Rosales,Rhamnaceae,Kurzinda,0
Rosales,Rhamnaceae,Enrila,0
Rosales,Rhamnaceae,Pomaderrites,0
Rosales,Rhamnaceae,Tylanthus,0
Rosales,Rhamnaceae,Sarcomphalodes,0
Rosales,Rhamnaceae,Eorhamnidium,0
Rosales,Rhamnaceae,Zizyphoxylon,0
Rosales,Rhamnaceae,Decorima,0
Rosales,Rhamnaceae,Ledelia,0
Rosales,Rhamnaceae,Rhamnophyllum,0
Rosales,Rhamnaceae,Girtanneria,0
Rosales,Rhamnaceae,Nahinda,0
Rosales,Rhamnaceae,Rhamnoxylon,0
Rosales,Rhamnaceae,Apetlorhamnus,0
Rosales,Rhamnaceae,Vitmannia,0
Rosales,Rhamnaceae,Atadinus,0
Rosales,Rhamnaceae,Protolotus,0
Rosales,Urticaceae,Berchemiopsis,0
Rosales,Urticaceae,Urticastrum,0
Rosales,Urticaceae,Thaumuria,0
Rosales,Urticaceae,Oblixilis,0
Rosales,Urticaceae,Langeveldia,0
Rosales,Urticaceae,Bicameria,0
Rosales,Urticaceae,Nirwamia,0
Rosales,Urticaceae,Botrymorus,0
Rosales,Urticaceae,Didymogyne,0
Rosales,Urticaceae,Plagiostigma,0
Rosales,Urticaceae,Leucocnide,0
Rosales,Urticaceae,Meniscogyne,0
Rosales,Urticaceae,Perlarius,0
Rosales,Urticaceae,Sciobia,0
Rosales,Urticaceae,Urticoidea,0
Rosales,Urticaceae,Fleuryopsis,0
Rosales,Urticaceae,Adike,0
Rosales,Urticaceae,Urticicarpum,0
Rosales,Urticaceae,Chamaedryfolia,0
Rosales,Urticaceae,Sciophila,0
Rosales,Urticaceae,Schychowskia,0
Rosales,Urticaceae,Stachyocnide,0
Rosales,Urticaceae,Caidbeja,0
Rosales,Urticaceae,Ramium,0
Rosales,Urticaceae,Leptocnide,0
Rosales,Urticaceae,Petelotia,0
Rosales,Urticaceae,Praetoria,0
Rosales,Urticaceae,Forskohleanthium,0
Rosales,Urticaceae,Selepsion,0
Rosales,Urticaceae,Leucococcus,0
Rosales,Urticaceae,Scepocarpus,0
Rosales,Urticaceae,Conocephalopsis,0
Rosales,Urticaceae,Lithocnide,0
Rosales,Urticaceae,Gymnogyne,0
Rosales,Urticaceae,Calostima,0
Rosales,Urticaceae,Margarocarpus,0
Rosales,Elaeagnaceae,Pentocnide,0
Rosales,Elaeagnaceae,Elaeagnites,0
Rosales,Elaeagnaceae,Octarillum,0
Rosales,Elaeagnaceae,Rhamnoides,0
Rosales,Elaeagnaceae,Oleaster,0
Rosales,Barbeyaceae,Argussiera,0
Rosales,Ulmaceae,Tremophyllum,0
Rosales,Ulmaceae,Celtidopsis,0
Rosales,Ulmaceae,Solenostigma,0
Rosales,Ulmaceae,Microptelea,0
Rosales,Ulmaceae,Ulmacites,0
Rosales,Ulmaceae,Celtixylon,0
Rosales,Ulmaceae,Zelkovoxylon,0
Rosales,Ulmaceae,Ulmophyllum,0
Rosales,Ulmaceae,Ulmoxylon,0
Rosales,Ulmaceae,Galumpita,0
Rosales,Ulmaceae,Celtites,0
Rosales,Ulmaceae,Samaroceltis,0
Rosales,Ulmaceae,Saurobroma,0
Rosales,Ulmaceae,Celtidophyllum,0
Rosales,Ulmaceae,Hethingeria,0
Rosales,Ulmaceae,Ulmuxylon,0
Rosales,Ulmaceae,Calaunia,0
Rosales,Ulmaceae,Holopteleoxylon,0
Rosales,Ulmaceae,Eoceltis,0
Rosales,Ulmaceae,Celtoidanthus,0
Oxalidales,Connaraceae,Pterotum,0
Oxalidales,Connaraceae,Tali,0
Oxalidales,Connaraceae,Cynotoxicum,0
Oxalidales,Connaraceae,Connaracanthium,0
Oxalidales,Connaraceae,Kalawael,0
Oxalidales,Cunoniaceae,Robergia,0
Oxalidales,Cunoniaceae,Acsmithia,0
Oxalidales,Cunoniaceae,Dieterica,0
Oxalidales,Cunoniaceae,Pellinia,0
Oxalidales,Cunoniaceae,Osterdikia,0
Oxalidales,Cunoniaceae,Carpodontos,0
Oxalidales,Cunoniaceae,Kaernbachia,0
Oxalidales,Oxalidaceae,Cunonioxylon,0
Oxalidales,Oxalidaceae,Monoxalis,0
Oxalidales,Oxalidaceae,Carambola,0
Oxalidales,Oxalidaceae,Connaropsis,0
Oxalidales,Oxalidaceae,Oxalidites,0
Oxalidales,Oxalidaceae,Bilimbia,0
Oxalidales,Oxalidaceae,Ceratoxalis,0
Oxalidales,Huaceae,Caudoxalis,0
Saxifragales,Aphanopetalaceae,Sloaneaecarpum,0
Saxifragales,Iteaceae,Changiodendron,0
Saxifragales,Crassulaceae,Divisestylus,0
Saxifragales,Crassulaceae,Graptoveria,0
Saxifragales,Crassulaceae,Crassulaceophyllum,0
Saxifragales,Crassulaceae,Cyrtogyne,0
Saxifragales,Crassulaceae,Cotylaria,0
Saxifragales,Crassulaceae,Rhodia,0
Saxifragales,Crassulaceae,Tetraphyle,0
Saxifragales,Crassulaceae,Petrogeton,0
Saxifragales,Crassulaceae,Curtogyne,0
Saxifragales,Crassulaceae,Thisantha,0
Saxifragales,Crassulaceae,Hydrophila,0
Saxifragales,Crassulaceae,Aectyson,0
Saxifragales,Crassulaceae,Mesanchum,0
Saxifragales,Crassulaceae,Sedites,0
Saxifragales,Crassulaceae,Aldasorea,0
Saxifragales,Crassulaceae,Vereia,0
Saxifragales,Crassulaceae,Helophytum,0
Saxifragales,Crassulaceae,Septas,0
Saxifragales,Crassulaceae,Turgosea,0
Saxifragales,Crassulaceae,Dasystemon,0
Saxifragales,Crassulaceae,Sarcolipes,0
Saxifragales,Crassulaceae,Kalosanthes,0
Saxifragales,Crassulaceae,Pyrgosea,0
Saxifragales,Crassulaceae,Physocalycium,0
Saxifragales,Tetracarpaeaceae,Meristostylus,0
Saxifragales,Cercidiphyllaceae,Cercidiphylloxylon,0
Saxifragales,Penthoraceae,Joffrea,0
Saxifragales,Hamamelidaceae,Tetrathyrium,0
Saxifragales,Hamamelidaceae,Platimelis,0
Saxifragales,Hamamelidaceae,Corylopsiphyllum,0
Saxifragales,Hamamelidaceae,Hamamelidanthium,0
Saxifragales,Hamamelidaceae,Cathayambar,0
Saxifragales,Hamamelidaceae,Lindacarpa,0
Saxifragales,Hamamelidaceae,Corylopsites,0
Saxifragales,Hamamelidaceae,Disanthophyllum,0
Saxifragales,Hamamelidaceae,Protaltingia,0
Saxifragales,Hamamelidaceae,Eoliquidambar,0
Saxifragales,Hamamelidaceae,Klikovispermum,0
Saxifragales,Hamamelidaceae,Hamawilsonia,0
Saxifragales,Hamamelidaceae,Evacarpa,0
Saxifragales,Hamamelidaceae,Fortunearites,0
Saxifragales,Hamamelidaceae,Viltyungia,0
Saxifragales,Hamamelidaceae,Ambaroxylon,0
Saxifragales,Hamamelidaceae,Langeria,0
Saxifragales,Haloragaceae,Altingioxylon,0
Saxifragales,Haloragaceae,Pelonastes,0
Saxifragales,Haloragaceae,Pentapteris,0
Saxifragales,Haloragaceae,Sphondylastrum,0
Saxifragales,Haloragaceae,Myriophyllites,0
Saxifragales,Haloragaceae,Obispocaulis,0
Saxifragales,Haloragaceae,Pentapterophyllon,0
Saxifragales,Haloragaceae,Hippuridella,0
Saxifragales,Haloragaceae,Haloragicarya,0
Saxifragales,Haloragaceae,Tarahumara,0
Saxifragales,Saxifragaceae,Burshia,0
Saxifragales,Saxifragaceae,Saxifragodes,0
Saxifragales,Saxifragaceae,Chiastophyllum,0
Saxifragales,Saxifragaceae,Heucherella,0
Saxifragales,Saxifragaceae,Limnobotrya,0
Saxifragales,Saxifragaceae,Blondia,0
Saxifragales,Saxifragaceae,Oxyacanthus,0
Saxifragales,Saxifragaceae,Miscopetalum,0
Saxifragales,Saxifragaceae,Ciliaria,0
Saxifragales,Saxifragaceae,Cavaleriea,0
Saxifragales,Saxifragaceae,Dactyloides,0
Saxifragales,Saxifragaceae,Cianitis,0
Saxifragales,Saxifragaceae,Escaloniiphyllum,0
Saxifragales,Saxifragaceae,Tristylea,0
Saxifragales,Saxifragaceae,Ocrearia,0
Saxifragales,Saxifragaceae,Paracorokia,0
Saxifragales,Saxifragaceae,Adenogyna,0
Saxifragales,Saxifragaceae,Ponista,0
Saxifragales,Saxifragaceae,Petalosteira,0
Saxifragales,Saxifragaceae,Enneadynamis,0
Saxifragales,Saxifragaceae,Dimorphopetalum,0
Saxifragales,Saxifragaceae,Tulorima,0
Saxifragales,Saxifragaceae,Yamala,0
Saxifragales,Saxifragaceae,Chondrosea,0
Saxifragales,Saxifragaceae,Tridactylites,0
Saxifragales,Saxifragaceae,Lobaria,0
Saxifragales,Saxifragaceae,Dermasea,0
Saxifragales,Saxifragaceae,Francfleurya,0
Saxifragales,Saxifragaceae,Saxifragaceaecarpum,0
Saxifragales,Saxifragaceae,Junia,0
Saxifragales,Saxifragaceae,Stephanostemon,0
Saxifragales,Saxifragaceae,Spatularia,0
Saxifragales,Saxifragaceae,Chrisosplenium,0
Saxifragales,Saxifragaceae,Oreotrys,0
Saxifragales,Saxifragaceae,Antiphylla,0
Saxifragales,Saxifragaceae,Calyptranthe,0
Saxifragales,Saxifragaceae,Cymbalariella,0
Saxifragales,Saxifragaceae,Hexaphoma,0
Saxifragales,Saxifragaceae,Chrysospleniella,0
Saxifragales,Saxifragaceae,Heterisia,0
Saxifragales,Saxifragaceae,Robertsonia,0
Saxifragales,Saxifragaceae,Sekika,0
Saxifragales,Saxifragaceae,Aulaxis,0
Saxifragales,Saxifragaceae,Neoboykinia,0
Saxifragales,Saxifragaceae,Piarophyla,0
Saxifragales,Saxifragaceae,Saxifragispermum,0
Saxifragales,Saxifragaceae,Carpenterianthus,0
Saxifragales,Saxifragaceae,Aphomonix,0
Vitales,Vitaceae,Steiranisia,0
